country,iso3,year,gdp_growth_pct,inflation_cpi_pct,current_account_pct_gdp,gov_debt_pct_gdp,unemployment_pct,trade_pct_gdp,exchange_rate_lcu_per_usd,gdp_per_capita_growth_pct,external_debt_pct_gni,gross_capital_formation_pct_gdp
Algeria,DZA,2000,3.80000000158476,0.339163189071768,,,29.77,62.8583436360347,75.2597916666666,2.35726435010288,48.8890707651687,23.5639069007647
Algeria,DZA,2001,2.99999999863043,4.22598834854673,,,27.3,54.5296491177208,77.2150208333334,1.59517814379704,39.3442465001744,29.4025185679593
Algeria,DZA,2002,5.40000000000001,1.41830192345051,,,25.9,56.5896052814114,79.6819,4.00705031536965,38.8345304550744,32.422149775997
Algeria,DZA,2003,6.50000000062043,4.268953958395,,,23.72,57.7691353044878,77.394975,5.09333212662064,33.4656619848771,32.0808213874135
Algeria,DZA,2004,4.49999999976698,3.96180030257187,,,17.65,61.3579975707176,72.06065,3.05086148235007,25.3576495100961,32.8514476424712
Algeria,DZA,2005,5.39999999969525,1.38244656662118,19.7857720899622,,15.27,66.8404602203906,73.2763083333333,3.86890214242119,16.6719422302137,31.175075513314
Algeria,DZA,2006,2.89999999905852,2.31149918514424,23.4985369430055,,12.27,65.9152919677621,72.6466166666667,1.32618894855368,4.97156533336454,30.3621197641824
Algeria,DZA,2007,3.10000000128674,3.67899574741699,21.3033457890387,,13.79,67.5454733939763,69.2924,1.39346833661227,4.35516420323346,33.5715459915764
Algeria,DZA,2008,2.49999999929371,4.85859062814939,18.8233635111302,,11.33,71.0284922505261,64.5828,0.652527943948144,3.48348146122863,35.5369334164485
Algeria,DZA,2009,1.19999999969519,5.73706036145628,0.287169379874169,,10.16,64.2847547238993,72.6474166666667,-0.72042057547074,4.97065344141962,46.0669131037696
Algeria,DZA,2010,4.80000000093564,3.91106195534028,6.87361929280343,,9.96,63.4912159928425,74.3859833333333,2.77921908194712,4.08153905024031,43.2868274827225
Algeria,DZA,2011,2.99999999941909,4.5242115050527,8.09495300569721,,9.96,62.2200899610479,72.9378833333333,1.00399237129356,2.79540714477209,39.7538222142123
Algeria,DZA,2012,2.40000000034432,8.89145091062317,5.3237110694236,,10.97,60.7576393340605,77.5359666666667,0.379563284418055,2.4523641196966,40.2823786992933
Algeria,DZA,2013,2.60000000061164,3.25423910998847,0.517147116303439,,9.82,59.151008157244,79.3684,0.548743629610698,2.32227149466818,44.5820108403061
Algeria,DZA,2014,4.09999999866501,2.91692692067458,-3.8772158836163,,10.207,56.9235419669867,80.5790166666667,2.00005200987388,2.35485990757709,46.8984793363791
Algeria,DZA,2015,3.20000000089023,4.78444700693889,-14.4205446442816,,11.206,53.2046225904145,100.691433333333,1.09962061859601,2.54367171691573,51.779612559441
Algeria,DZA,2016,3.90000000017621,6.39769480268757,-14.4962877563746,,10.202,49.7609327925216,109.443066666667,1.78594064734014,3.04187962008185,51.6415142855742
Algeria,DZA,2017,1.49999999895587,5.59111590961664,-11.6217683736912,,12.0,49.8208161712587,110.973016666667,-0.541667024495979,3.04068276560909,48.2675922575805
Angola,AGO,2000,3.05462423452938,324.996871601321,8.71506351159262,,16.646,,10.0405441666667,-0.302928309017702,131.075486566154,
Angola,AGO,2001,4.20599855694861,152.561022469299,-16.0129513307541,,16.668,,22.0578616666667,0.769184669108554,119.007608419805,
Angola,AGO,2002,13.6656887610553,108.897436089429,-0.867014859846704,,16.432,90.5708209771053,43.5302066666667,9.85780236283283,66.8015479069923,29.7741669108793
Angola,AGO,2003,3.48731240097521,98.2241436573304,-3.53728418452752,,16.445,90.680716182229,74.6063008333333,-0.0654379872422197,56.6608944666511,29.8069552749919
Angola,AGO,2004,11.4198633904585,43.5421067519687,2.52329142814654,,16.313,90.3860384706403,83.5413625,7.48604694407922,46.5316387283025,32.7033343290724
Angola,AGO,2005,14.1547775343954,22.953513851394,12.4113529511059,,16.295,95.3414592878024,87.1591416666667,10.0673593264113,37.1535135368479,28.013994896608
Angola,AGO,2006,11.8418178757042,13.3052101780032,18.2253229198946,,16.123,84.6246041187373,80.3680720555555,7.79557532887192,21.4383204383608,24.1285215638157
Angola,AGO,2007,13.0026889457976,12.2514974459487,14.4873579548048,,16.066,97.2256307002466,76.70614275,8.85163544291423,20.7080710064909,26.8723206787925
Angola,AGO,2008,10.7866360496581,12.4758291326398,7.28233163407397,,16.152,108.680408742706,75.0333541666667,6.67888592419779,20.8444196333637,31.0476642799695
Angola,AGO,2009,1.99558909788963,13.7302839288408,-9.26704056113806,,16.383,102.263183257504,79.3281666666667,-1.80906009330889,31.9407468104196,42.1126629947993
Angola,AGO,2010,5.29366572819954,14.4696564932577,7.85577834888099,,16.595,90.9940631357987,91.9057203405018,1.31579076620976,35.3911613090284,29.7638327938358
Angola,AGO,2011,3.59386960240222,13.4824679218511,10.4217171191447,,16.77,89.0369443426985,93.93475,-0.356512141669299,33.9687833337354,27.3662454532289
Angola,AGO,2012,8.50312283866612,10.2779049218839,9.64052717140429,,16.539,81.939478548327,95.467955421311,4.37008778613288,30.7446796123415,27.968561401116
Angola,AGO,2013,4.88306129688392,8.77781429332624,5.47217516828594,,16.464,77.3498013719917,96.5182794791526,0.921826358320473,35.3141708088895,26.9937630527719
Angola,AGO,2014,4.65572356315585,7.28038730361121,-2.44217725848603,,16.372,69.5801424480502,98.3024168556335,0.821220988941135,35.9601982257134,28.8734781931353
Angola,AGO,2015,0.763177710914789,9.35597215533784,-10.0180754476355,,16.472,54.9793808780995,120.060701665019,-2.80470818378251,56.7801551813803,29.1086095938024
Angola,AGO,2016,-0.233076954805284,30.6944150806719,-5.07683550702313,,16.572,46.3256130571521,163.656434116579,-3.73813083448252,114.845094739154,29.6920729502549
Angola,AGO,2017,-0.164688656961076,29.8444799015679,-0.739075223812658,,16.617,44.9963253203189,165.915950691498,-3.63762547583934,84.9404832711627,28.7560301666038
Benin,BEN,2000,5.85771420543269,4.16540442290283,-2.2949879315414,,0.864,47.3481515012844,710.207977031373,2.65043149973154,42.8816395497772,16.0084024487125
Benin,BEN,2001,5.33313570603937,3.98429547767893,-2.04549532483075,,0.766,48.2571706392197,732.397693260192,2.16452439056758,44.6080456131561,17.7527202451424
Benin,BEN,2002,4.64303087074482,2.48916235491541,-3.74152919965989,,0.69,43.7684225364311,693.713226496371,1.50964025698303,44.4370658133816,14.8337225342659
Benin,BEN,2003,3.44357677591658,1.48724246145442,-6.20555050861218,,0.747,41.6162305574334,579.897426172445,0.336976510869505,32.1334455509149,15.1637900420403
Benin,BEN,2004,4.42968455385082,0.8738908308685,-4.66878856732409,,0.79,39.9029743365096,527.338032291584,1.28077994352564,32.419186077994,15.218605125346
Benin,BEN,2005,1.71316456361184,5.36452085832342,-3.44376642481129,,0.859,39.0959311879142,527.258362649643,-1.51043339492205,28.6476157952963,12.0860448919113
Benin,BEN,2006,3.94373882815798,3.78217696540375,-3.08778709107344,,0.888,39.7746987128551,522.42562489518,0.750089697773319,17.9181942417548,12.8734651191902
Benin,BEN,2007,5.98634932177609,1.29806813334152,-6.54621938784528,,0.902,49.1137841529705,478.633718476359,2.9001757042866,18.4502839223657,16.3768679983693
Benin,BEN,2008,4.89657708429647,7.94729876067854,-5.49862209196275,,0.895,47.7753592695169,446.000041432788,1.77647069609412,17.4105461426429,13.7404206600646
Benin,BEN,2009,2.31929213912838,0.896072355749069,-6.69033181086782,,0.95,44.7026290629806,470.293423341398,-0.703743155603306,20.7638857666327,14.8657187295579
Benin,BEN,2010,2.11406472648392,2.20783532536524,-5.56723414629173,,1.04,51.4308599492924,494.794262222936,-0.888244805144353,24.0894770387043,15.608089212583
Benin,BEN,2011,2.96375291904201,2.7042390774728,-4.83328627198862,,2.647,47.2170288118403,471.248625718934,-0.0571230167535077,20.5140515513214,16.4625572802737
Benin,BEN,2012,4.811223315688,6.74468253340712,-5.17832684259519,,2.458,50.7367367791134,510.556338454251,1.74647753021327,24.1126154231862,15.276312739626
Benin,BEN,2013,7.19143372144946,0.428888888888884,-5.37925541995639,,2.198,59.2001918331875,493.899623852233,4.076668026964,24.6839696449673,18.86187234768
Benin,BEN,2014,6.35767909791932,-0.548757550948181,-6.66790663182434,,1.952,65.2682749404551,493.757329875319,3.26077217060734,27.5787746951688,19.2575856279899
Benin,BEN,2015,1.77815106030278,0.218785923536245,-5.964093171322,,1.886,56.7563131849476,591.21169798261,-1.18432043750336,31.8337413318005,20.731792085746
Benin,BEN,2016,3.33967342629693,-0.793310145785624,-2.99669454869691,,1.834,58.9869283378276,592.605615063006,0.361166139903119,35.5161661575197,20.2720396046954
Benin,BEN,2017,5.67156195150444,0.0432648555103608,-4.18078964014056,,1.691,61.4765969588474,580.656749587853,2.67041720047298,38.8078591798797,23.9604222292501
Botswana,BWA,2000,1.98769583378552,8.60148514851491,9.41804952240131,,15.88,91.924729689918,5.10224166666667,-0.163772714868571,8.32268597800998,29.551080393757
Botswana,BWA,2001,0.250573949689084,6.55903767014862,10.8425100137362,,18.54,87.5250655680957,5.84141666666667,-1.79114300046759,7.47976563172273,29.888136618651
Botswana,BWA,2002,6.06953087648317,8.03279662527486,4.84207534572475,,21.277,91.8357740585774,6.32779166666667,4.09320837350506,10.3645611323196,30.1938052068805
Botswana,BWA,2003,4.62589474959299,9.18990265632739,9.54244888755722,,23.8,85.8340425151264,4.94966666666667,2.80097379395592,7.56528331713902,30.1430074223364
Botswana,BWA,2004,2.70582170611173,6.94570363654675,3.53678323332071,,21.755,90.9978228872631,4.69383333333333,0.920692081948033,6.44916341871367,31.3514430014324
Botswana,BWA,2005,4.55664565323181,8.6102252854644,16.1057108456086,,19.852,88.5053520573505,5.11675,2.69660633056192,5.06958018993644,25.374133887578
Botswana,BWA,2006,8.36387109282306,11.5552187914379,19.6647760227163,6.02356808660498,17.782,86.612433913524,5.8303,6.36142559180612,3.89500560934991,21.692781593681
Botswana,BWA,2007,5.79255577727118,7.08099847172693,15.6550615013405,5.9431764131185,16.976,98.4965249407252,6.13940833333333,3.7618955229655,4.16816133150311,23.0747568630383
Botswana,BWA,2008,3.25207295796832,12.7021883920076,1.39345872319277,8.00402997376666,16.293,99.008222007989,6.82685833333333,1.1992313160418,4.39873200582818,35.4683348008758
Botswana,BWA,2009,-14.1442346163423,8.02729703109582,-6.40593961472032,19.2517818685668,16.169,88.4807886337378,7.15514166666667,-15.8997149078875,16.3853962429161,32.6299076727603
Botswana,BWA,2010,10.119723322694,6.94887658743103,-5.88840225663454,21.8862970525722,17.86,94.6390020873926,6.793625,7.82114699392078,14.8752744836522,34.7021091252242
Botswana,BWA,2011,6.83841052493574,8.45987233408583,-0.872984775002237,21.0743622822987,18.049,98.9614677801469,6.83823333333333,4.75557328946104,15.9508587187728,39.1181150467037
Botswana,BWA,2012,-0.170857099335691,7.53690261091916,-5.90199267050561,20.6231807851092,17.916,111.875280620952,7.640525,-1.83175900387364,17.7728391392687,35.9998617809678
Botswana,BWA,2013,11.1029068737822,5.88460707056817,4.53073148351166,19.0163812887175,18.167,125.78303991122,8.39890833333333,9.43871073960261,17.4581483023392,24.8793287159182
Botswana,BWA,2014,5.69714422072884,4.40225309243427,11.07503064485,18.3257336074772,18.484,119.497541791464,8.97608333333333,4.17099012944411,16.6042841074893,25.2530625662887
Botswana,BWA,2015,-4.85132507409779,3.06203169580558,2.22618287554396,19.086977673602,18.915,112.900891016005,10.1289916666667,-6.19995412245493,16.9995186828514,28.4432892203156
Botswana,BWA,2016,7.20442475914267,2.81495791361944,7.97299722000002,15.8049523139869,19.328,100.464689766026,10.9011583333333,5.69319455388396,15.3799402336298,22.0676982064961
Botswana,BWA,2017,4.11437856445083,3.30828076768219,5.58580913830414,14.6807691758665,19.671,81.9239513763494,10.3474166666667,2.6459126098983,11.7524342645419,25.0058963191325
Burkina Faso,BFA,2000,1.88847388906525,-0.304212168486803,,,2.687,35.1229419704263,710.207977031367,-1.10710660159205,48.7863677720035,14.5706990626075
Burkina Faso,BFA,2001,6.61340574539679,5.00743290822373,,,2.748,31.6581708148511,732.397693260228,3.40975770830711,47.6987840842342,13.5458978685006
Burkina Faso,BFA,2002,4.35296382988099,2.17569480664608,,,2.862,31.3125228527966,693.713226496374,1.17736897014072,43.6036836585019,13.4516848777294
Burkina Faso,BFA,2003,7.80249388870359,2.03456574053815,,,2.78,30.3682364077323,579.897426172466,4.49294688106092,37.5117673258691,15.4592813585183
Burkina Faso,BFA,2004,4.47845213670386,-0.400228702115452,,,3.48,35.4809436017462,527.338032291576,1.24360966999572,35.9675476454255,15.5181038099984
Burkina Faso,BFA,2005,8.66187322841225,6.41504018369684,-10.324323038401,,4.0,34.1721697681049,527.258362649626,5.29574030906821,33.0686776652641,17.5635935306702
Burkina Faso,BFA,2006,6.25316468817478,2.3331085637222,-8.3076359009361,,3.67,35.1065423554549,522.425624895176,2.98889211912471,17.5211107667213,16.1250056320714
Burkina Faso,BFA,2007,4.11137901761516,-0.230627306273049,-7.35321338684529,,3.3,33.7797172895073,478.633718476363,1.00131276742226,25.9043169252733,18.2510847811436
Burkina Faso,BFA,2008,5.79999174105387,10.6597978997424,-10.2315812376868,,3.501,35.3853169801502,446.000041432788,2.73663676272773,28.411771846923,20.7319624459801
Burkina Faso,BFA,2009,2.96195085866692,2.60817666368314,-4.03746065696801,,3.723,40.2959836735924,470.293423341398,-0.000227773519867469,39.8899522491126,19.9900322638267
Burkina Faso,BFA,2010,8.44628157707625,-0.764230734676768,-1.79655604009115,,3.725,49.0732385398039,494.794262222947,5.31934915891263,49.0210269923812,21.9904340000138
Burkina Faso,BFA,2011,6.62256261306693,2.75976724854534,-1.32772267157687,,3.827,57.4972531038508,471.248625718937,3.51633623623128,51.5649433752892,22.1235118043343
Burkina Faso,BFA,2012,6.45267237953146,3.8181524025238,-1.29204165999457,,3.849,61.2386079818398,510.556338454251,3.28878346500349,60.7622601114067,24.6529928973207
Burkina Faso,BFA,2013,5.79258484509867,0.533738507090536,-10.0082857458856,,4.054,64.0358513024234,493.899623852237,2.66508275857795,68.3909839730337,23.7099150061433
Burkina Faso,BFA,2014,4.32684561452976,-0.258089517535291,-7.16454946786702,,4.255,58.8235624937426,493.757329875312,1.27047655599692,77.2449730208755,19.2622491931648
Burkina Faso,BFA,2015,3.9212287937935,0.724838981070517,-7.56751200933841,,4.472,59.0891813101662,591.21169798261,0.888259827767996,111.588257916983,19.4066997164243
Burkina Faso,BFA,2016,5.95797670754024,0.441041448058809,-6.0796386850131,,4.598,57.8931727994406,592.605615063022,2.9035090911533,83.6087932611822,20.7955479484027
Burkina Faso,BFA,2017,6.20348941121868,1.48299897161326,-6.35349497520963,,4.662,59.2687802020168,580.656749587858,3.21640521697573,94.0623582632253,22.0618365902649
Burundi,BDI,2000,-0.856864058424151,24.4320242102151,-5.76258887448882,,3.137,,720.673333333333,-2.89542791949714,127.247625647928,
Burundi,BDI,2001,2.05580710835243,9.29618771341889,-4.18720201167941,,3.154,,830.353333333333,-0.469619802706177,126.496858951287,
Burundi,BDI,2002,4.44651941224797,-1.3656800532806,-0.397990063033964,,3.168,,930.749166666666,1.54204707066606,151.804954128867,
Burundi,BDI,2003,-1.22372796023444,10.6474645658306,-3.04630146043228,,3.145,,1082.62,-4.2953882781394,175.849196871252,
Burundi,BDI,2004,4.83365776809453,8.17642937482053,-3.53655815425187,,3.177,,1100.9,0.997721140754805,152.927943930632,
Burundi,BDI,2005,0.900000000901912,13.2520699188224,-0.510079090142338,,3.162,,1081.57716666667,-2.77894802793541,117.152931576234,
Burundi,BDI,2006,5.41380714491444,2.74542000214241,-10.4870448125811,,3.185,,1028.683553,1.68473642542624,108.489325868382,
Burundi,BDI,2007,3.44449364663615,8.41206285772544,-8.2072761510864,,2.404,,1081.8696825,-0.311187520314832,104.40031697488,
Burundi,BDI,2008,4.90874190813545,24.4069510353914,-16.090734369062,,1.634,,1185.69083333333,0.668760370648471,86.4859445638783,
Burundi,BDI,2009,3.7870758305051,10.5554355299529,-9.07806464648821,,1.622,,1230.17916666667,-1.33995105464051,34.4118134879002,
Burundi,BDI,2010,5.09373697323055,6.49326591473993,-14.8111210984709,,1.615,,1230.74833333333,0.287652254263818,30.7174205499981,
Burundi,BDI,2011,4.02442793864228,9.5921660597967,-12.6836763902514,,1.602,,1261.07333333333,0.368535841377152,27.2753185367529,
Burundi,BDI,2012,4.42303118490126,18.1610453065451,-11.2209754829117,,1.593,,1442.505625,0.762376963720541,28.5334432668174,
Burundi,BDI,2013,4.92392485117456,7.93795807492418,-10.5411437462372,,1.584,,1555.09083333333,1.2220776240641,27.7256926440413,
Burundi,BDI,2014,4.24490803087248,4.40535234185293,-15.847519265777,,1.572,,1546.68666666667,0.765722877623617,25.6132540353277,
Burundi,BDI,2015,-0.404525595204191,5.54468891259779,-12.7716902710485,,1.449,,1571.89833333333,-2.63843207790325,20.1955195118146,
Burundi,BDI,2016,3.20017470408993,5.55768961400965,-12.518429325456,,1.352,,1654.62666666667,1.43842310958158,22.8401921043702,
Burundi,BDI,2017,3.83185757061784,16.0525353030392,-13.1912710345622,,1.25,,1729.055,1.41976304054418,22.3269256387722,
Cabo Verde,CPV,2000,14.2848688450919,-2.47745668519835,-11.1544820568204,,13.024,87.5206083614917,115.876551583333,12.5710382620585,60.8757417668506,
Cabo Verde,CPV,2001,2.23165454528898,3.34996472317894,-9.8994707570664,,13.242,92.1637224974152,123.213333333333,0.682276166499946,62.0508060171613,
Cabo Verde,CPV,2002,5.25089116960211,1.88453410076765,-11.5146928529663,,13.379,101.089702293616,117.255833333333,3.72907261625122,64.0311671711992,
Cabo Verde,CPV,2003,4.17625932578332,1.18817038620528,-11.1255219641803,,13.604,98.7683808076547,97.7875,2.78169096285627,55.2618528555334,
Cabo Verde,CPV,2004,10.197072633926,-1.8908217230618,-14.0635896425989,,13.456,101.567169989502,88.7479249022727,8.82078735562469,51.1923988249657,
Cabo Verde,CPV,2005,6.91245795720201,0.41889161285517,-4.18205952542758,,13.439,104.343839857053,88.6461685261408,5.64634152921253,50.8730033274413,
Cabo Verde,CPV,2006,7.98375044795048,5.36907687065549,-7.46948939503442,,13.378,117.816697232822,87.9260649113314,6.74862061785244,49.3282468372477,
Cabo Verde,CPV,2007,15.1706879735517,4.41099704193489,-12.0126265488265,,13.294,94.2062075432498,80.6150271575266,13.9029028555293,35.8772938012979,47.271484248355
Cabo Verde,CPV,2008,7.03901129565128,6.77443546371143,-10.4743154022798,,13.307,90.9663882722365,75.3360038388544,5.93628669264135,32.7383904262931,45.9358045471371
Cabo Verde,CPV,2009,-1.50358672385678,0.991103480568085,-13.2225925658414,,13.517,80.4609561322904,80.0354177277845,-2.43495532260619,40.0472340793016,41.3602933111924
Cabo Verde,CPV,2010,1.83641914989978,2.07866470906424,-12.2081961374489,,10.67,85.5484498816191,83.2786893759019,1.10867941118087,50.5191117434846,44.9568060390526
Cabo Verde,CPV,2011,3.92471821338283,4.47388342165023,-14.8785945210366,,10.956,90.5564501122747,79.2768814761183,3.58680088003479,52.7704943299126,44.9117743846551
Cabo Verde,CPV,2012,1.08364848376166,2.54039644167109,-12.7312450215892,,11.145,90.649916554117,86.3189541847042,0.983345735610456,87.4461943700545,35.2038713812683
Cabo Verde,CPV,2013,0.632136727385131,1.50654285701407,-5.29145710856413,,11.398,86.1698600308418,83.0725,0.579092309567969,100.211107068706,29.9872865504067
Cabo Verde,CPV,2014,0.696666840118581,-0.238778144990624,-8.27455286476654,,11.689,91.3038524117221,83.0345,0.676815488926465,95.0517280164041,34.9962522997627
Cabo Verde,CPV,2015,0.936026507808833,0.131187999024545,-2.89127851947954,,11.923,94.0084870167993,99.3856935425685,0.922631249857901,108.898740758427,29.1071744394227
Cabo Verde,CPV,2016,4.28071482662371,-1.40781637091706,-3.4671600025876,,12.085,95.3781398609533,99.6881136363636,4.24816232606327,102.626920378854,28.5553782407275
Cabo Verde,CPV,2017,4.5513148102974,0.784415251101334,-6.99311648831083,,12.24,100.052133904219,97.8069377715121,4.48221093147532,109.265288203302,29.2834862444324
Cameroon,CMR,2000,3.83241779430614,1.22719012976132,-2.0668977639693,,7.533,,710.207977031367,1.13442792226186,105.913054667327,17.1923305666251
Cameroon,CMR,2001,4.32426119221549,4.41977245881146,-3.17394469214094,,7.46,,732.397693260228,1.61992408023583,95.0454107435772,18.7740622006083
Cameroon,CMR,2002,4.47702683369155,2.83442260128067,-3.53790565581226,,6.711,,693.713226496374,1.71295981541175,87.6048650685293,19.4413944162664
Cameroon,CMR,2003,5.45315368881347,0.623163557374316,-3.74372948027079,,5.908,,579.897426172466,2.61581878981131,73.8699983635691,18.0947361657846
Cameroon,CMR,2004,7.04886281858374,0.233647380067584,-2.21065060210036,,5.087,,527.338032291576,4.14782057634264,58.925792135495,18.8678143226466
Cameroon,CMR,2005,2.22827020924117,2.01353950175986,-2.54005821725892,,4.4,,527.258362649626,-0.550411134631503,40.4822044777476,18.6709254882433
Cameroon,CMR,2006,3.80958327566137,5.11757816019469,0.925460105397852,,3.729,,522.425624895176,0.995178501621496,16.5481786368995,17.7758598449069
Cameroon,CMR,2007,4.32758900972871,0.921402245650095,1.19555212022134,,3.063,,478.633718476363,1.44056500100977,13.170789571206,18.3784496512645
Cameroon,CMR,2008,2.8476778892105,5.33780627627498,-1.62929165447175,,3.386,,446.000041432788,-0.054684354254718,10.3863093253458,19.7540543269388
Cameroon,CMR,2009,2.57925177738754,3.04361847939999,-4.02097111334699,,3.743,,470.293423341398,-0.318334274636157,11.6371596505369,18.5596853746796
Cameroon,CMR,2010,2.89902472122014,1.27538046242338,-3.11602303510797,,4.11,,494.794262222947,0.000136421484427274,11.7099774171232,18.2284440377378
Cameroon,CMR,2011,3.37921128506045,2.93969946305091,-2.44588511307823,,3.988,,471.248625718937,0.496174364645441,10.2035511971683,18.732400822037
Cameroon,CMR,2012,4.62597872209571,2.73529677529539,-3.17006037197893,,3.836,,510.556338454251,1.723811615485,13.0860543251885,18.0007381699582
Cameroon,CMR,2013,4.99552916130783,2.05034718001741,-3.3445999054782,,3.686,,493.899623852237,2.08714719116143,15.6371849847079,18.6515459692181
Cameroon,CMR,2014,5.71981814509198,1.85489850366777,-3.85300319903712,,3.534,,493.757329875312,2.56873406379989,16.1486134651534,19.7278343398902
Cameroon,CMR,2015,5.66695298703932,2.676235314199,-3.64384590025676,,3.518,,591.21169798261,2.40123368709621,22.9906774662358,18.2498554883353
Cameroon,CMR,2016,4.53579423678801,0.874190383288856,-3.06806029650276,,3.529,,592.605615063022,1.45711722669677,23.7253706528744,19.8180548448427
Cameroon,CMR,2017,3.54117654926007,0.64040914988195,-2.63102845264373,,3.573,,580.656749587858,0.647004976201075,28.3602661682383,19.4451374024879
Central African Republic,CAF,2000,-2.48943244028874,3.20340091563112,,,5.722,45.6597819937269,710.207977031367,-5.13401462675454,,11.0722959362908
Central African Republic,CAF,2001,4.46473902640867,3.83486060237362,,,5.77,39.7304997372329,732.397693260228,2.17071826482889,,10.2408292129649
Central African Republic,CAF,2002,3.61654219150596,2.33181703516235,,,5.809,36.1085647794782,693.713226496374,1.37690566221247,,9.62494666555282
Central African Republic,CAF,2003,-5.39748521855877,4.13470905150996,,,5.809,36.2312260023474,579.897426172466,-7.63416642788093,,6.4047925068294
Central African Republic,CAF,2004,5.99488422798696,-2.06640601136303,,,5.729,33.2439549188203,527.338032291576,3.72625182811642,,6.81213802638146
Central African Republic,CAF,2005,0.908210514871953,2.88352073359022,,,5.691,35.0709368656226,527.258362649626,-1.35012540536219,,9.86481735599986
Central African Republic,CAF,2006,4.77108543044105,6.69526465773354,,,5.61,36.3958702287378,522.425624895176,2.64652651726671,,10.2342110190608
Central African Republic,CAF,2007,4.60753485452025,0.95991761945711,,,5.562,37.5808990187896,478.633718476363,2.61065388109087,,10.6872405778362
Central African Republic,CAF,2008,2.05413096200485,9.25895099417076,,,5.51,34.4375218095517,446.000041432788,-0.0996463174017777,,12.728492373968
Central African Republic,CAF,2009,8.58726042640994,3.52126227238643,,,5.575,31.4942464896799,470.293423341398,9.30502220176477,,13.2041724777738
Central African Republic,CAF,2010,4.63081843223307,1.49102370047802,,,5.658,34.4304819543042,494.794262222947,5.47038096593693,,16.8437813047686
Central African Republic,CAF,2011,4.19461533741989,1.1944757244985,,,5.638,34.4756183327299,471.248625718937,2.55065326927321,,13.7084644737209
Central African Republic,CAF,2012,5.05376125356918,5.47829594346117,,,5.58,33.0594485943314,510.556338454251,4.00963689358869,,10.8339751287687
Central African Republic,CAF,2013,-36.3919770983887,6.98879341970198,,,5.566,38.3992875721315,493.899623852237,-36.8245466038613,,7.5153240218181
Central African Republic,CAF,2014,0.0810705153264877,14.898684179755,,,5.633,53.0950920179825,493.757329875312,0.497506544343594,,21.9907907197476
Central African Republic,CAF,2015,4.33712103020231,1.40297017136816,,,5.775,53.1451477769621,591.21169798261,4.19878078824811,,21.8053804538636
Central African Republic,CAF,2016,4.75031684122342,4.94543276106518,,,5.793,50.53064402191,592.605615063022,2.87598768927953,,22.463467946845
Central African Republic,CAF,2017,4.52727821346231,4.18072331871267,,,5.836,57.1435457117119,580.656749587858,2.7861131027974,,25.6012512008403
Chad,TCD,2000,-0.879681024156014,3.82260088086306,,,0.796,51.5711720135652,710.207977031367,-4.24950215601882,80.1535120852676,23.2739022193722
Chad,TCD,2001,11.6581346550771,12.4312865279941,,,0.792,64.3219080406854,732.397693260228,7.95445706927111,64.8989743999205,40.2503769127795
Chad,TCD,2002,8.4912098197177,5.19181895195446,,,0.769,126.350807849912,693.713226496374,4.77730878889039,65.8772694191459,60.1561730301281
Chad,TCD,2003,14.7216670123589,-1.75256941248655,,,0.725,83.3789149599315,579.897426172466,10.2279881027344,67.3892308056559,52.1217743230429
Chad,TCD,2004,33.6293718498522,-5.35540028884816,,,0.672,101.768590921564,527.338032291576,27.8073148127989,44.3304975311807,24.2838719183309
Chad,TCD,2005,17.3325337352162,7.89036567462993,,,0.663,77.577493649797,527.258362649626,12.6968038844502,21.3556864281332,19.1098438642877
Chad,TCD,2006,-0.54282957080251,8.03628897951331,,,0.716,77.0815766029615,522.425624895176,-4.05733919631511,20.6796778075762,17.7039292404167
Chad,TCD,2007,4.20017418353298,-8.9747396200927,,,0.839,75.1059962731949,478.633718476363,0.671852924810707,19.1269574782718,18.3692276250245
Chad,TCD,2008,3.08119033854541,10.2969758221254,,,0.922,69.0677746090641,446.000041432788,-0.463468027746472,15.3836615131075,18.5468847123789
Chad,TCD,2009,-1.40828262637592,9.95242290748864,,,0.943,64.8597511917067,470.293423341398,-4.86874608907731,15.710629637183,19.7181814380475
Chad,TCD,2010,13.6738272725339,-2.07786574641866,,,0.911,63.7311691270791,494.794262222947,9.80713114990233,15.745364867055,21.8544482247032
Chad,TCD,2011,4.49542967058827,2.0292405367826,,,0.92,57.5437561870898,471.248625718937,0.870883386044198,14.2424469659618,24.9696238126319
Chad,TCD,2012,9.06180392253447,7.51662364663833,,,0.886,54.3851887421013,510.556338454251,5.29734255099544,13.3384401878252,24.9268683598444
Chad,TCD,2013,2.83821524730293,0.222671564624551,,,0.955,51.5308164549816,493.899623852237,-0.767831669389352,16.8493737025949,23.9026222562092
Chad,TCD,2014,2.06283074361411,1.6819731392567,,,0.984,40.8116269859319,493.757329875312,-1.51652756694816,21.2331866901316,29.4795971629017
Chad,TCD,2015,3.30415979779805,4.37712665065654,,,1.032,48.5114982079885,591.21169798261,0.0674074944662948,19.6704195343239,22.8922387955511
Chad,TCD,2016,-4.12250332637034,-0.792440525236102,,,1.091,43.9580149331537,592.605615063022,-7.08506190157246,22.25738421255,18.3585890168831
Chad,TCD,2017,-1.61746922820204,-1.5370996298084,,,1.132,43.2900613852468,580.656749587858,-4.81719582036631,23.6912132934158,18.5366518857505
Comoros,COM,2000,-1.00701887109655,,,,4.4,35.7574785306267,532.65598277353,-2.88945143643761,66.0880618704268,18.0422951907498
Comoros,COM,2001,5.41959971808741,5.55459394816812,,,4.379,35.7572288509346,549.298269945143,3.27352621774114,64.01136640745,18.0423401335293
Comoros,COM,2002,4.59768263263243,3.53304214308078,,,4.372,35.7571190335913,520.284919872278,2.40756578317429,63.6246490862529,18.0423117261602
Comoros,COM,2003,1.93442812313498,3.799081366719,-3.37217076421929,,4.559,35.7569591176854,434.923069629334,-0.011062920777249,53.1575344952079,18.0423216260422
Comoros,COM,2004,3.10041210399676,4.47499289078107,-3.33005782040402,,4.571,35.7570631253248,395.503524218688,1.16411909687749,48.1778567524533,18.0423340046778
Comoros,COM,2005,5.66520240193151,3.0133239505812,-4.09701964792287,,4.527,35.7574093238258,395.443771987232,3.53060047143931,44.2556367979149,18.0423131684956
Comoros,COM,2006,-1.75444679449394,3.37436360121204,-3.27357312325321,,4.482,35.7572745739842,391.819218671385,-3.71626145355258,42.0985385628614,18.042325784844
Comoros,COM,2007,0.803599788247752,4.46616710098132,-3.97385796874896,,4.474,33.1561792127495,358.975288857269,-1.18558697748325,36.0835654082799,16.8874091034811
Comoros,COM,2008,3.96461118871815,1.7007817628453,-7.53469626604503,,4.416,36.2185263542809,334.500031074591,1.91937430669343,30.2231861194927,19.2488768740532
Comoros,COM,2009,3.24074074074075,4.36234829325719,-4.35030280964664,,4.303,37.8969223253542,352.720067506049,1.2079203319485,31.7186112888939,17.990680545639
Comoros,COM,2010,3.77776673684423,3.35475770328919,-4.33221929296756,,4.19,39.5501057977388,371.095696667202,1.73513066388675,30.6874148030273,18.1749508794904
Comoros,COM,2011,4.14350668765977,1.8426630075619,-5.42472388252804,,4.12,40.0009485841888,353.4364692892,2.08263580496299,26.97110481785,16.0214526508746
Comoros,COM,2012,3.1684098843342,6.31474450315177,-4.04970661419345,,4.091,40.8104424055408,382.917253840688,1.11391111554475,24.8800044138285,16.1515733625598
Comoros,COM,2013,4.46624729869704,-4.29487331536756,,,3.98,39.2433304243612,370.424717889175,2.28116402689325,12.7701549227381,16.3561844009634
Comoros,COM,2014,2.10665760321017,7.54755379096711,-3.78032970112087,,3.984,39.2358265722767,370.317997406489,-0.0905995194762568,11.8528849726538,15.2029666865291
Comoros,COM,2015,1.14735632260047,-0.11717388419007,-0.256465657736018,,4.031,37.8049520714563,443.408773486957,-0.96541889629961,12.9348443972103,13.6380402758518
Comoros,COM,2016,3.3204465548877,0.797517430888487,-4.34858918733342,,4.117,37.1328797158337,444.454211297254,1.22281058132006,17.1852272690132,12.5606730066488
Comoros,COM,2017,3.81576287489548,-0.237362224154613,-2.13204216493526,,4.049,40.164358921352,435.492562190889,1.76762596404485,16.7806633037462,13.4334433748138
"Congo, Dem. Rep.",COD,2000,-6.91092731714194,513.906843747535,,,3.245,27.0144029227569,21.8183333273501,-9.84965913432067,63.1258347684285,14.4334963339406
"Congo, Dem. Rep.",COD,2001,-2.10017302429294,359.936614264586,,,3.251,25.0419375138391,206.61749994334,-5.15214146648994,164.436152353204,6.70414075173646
"Congo, Dem. Rep.",COD,2002,2.94776518253177,31.5225826025495,,,3.179,29.3168456429821,346.484999904984,-0.150938086630475,119.231451776205,7.43579108293426
"Congo, Dem. Rep.",COD,2003,5.57782231227127,12.8739657187405,,,3.057,54.0313561776419,405.17818323067,2.53825002982666,131.254814267591,9.52455484338981
"Congo, Dem. Rep.",COD,2004,6.73837393320788,3.99438400815971,,,2.976,49.3364146254994,399.475791666667,3.64120168825156,115.365176044472,12.2569205489908
"Congo, Dem. Rep.",COD,2005,6.1351511550716,21.3168167229341,-3.08174753918885,,2.948,51.0276749145565,473.908008333333,2.92453150441195,93.2527671126825,17.1365592567105
"Congo, Dem. Rep.",COD,2006,5.10894433184896,13.0526949745101,0.30870487289839,,3.174,44.7667089929736,468.278825,1.91803613632446,81.0050605794973,17.4216172625871
"Congo, Dem. Rep.",COD,2007,8.58332298445387,16.945100654195,2.86805721465824,,3.404,72.9983031777719,516.749891666666,5.34752781053874,77.3741458273576,15.8599755149209
"Congo, Dem. Rep.",COD,2008,7.43333574200602,17.3013845700157,-0.664510638477548,,3.627,72.9527093196566,559.292508333333,4.24171595779457,66.6160003207659,19.1942664559253
"Congo, Dem. Rep.",COD,2009,0.541570197421564,2.79999999999982,-6.03581629618423,,3.882,63.0860045505312,809.785833333333,-2.51860845278931,73.2987319245404,18.3539612035209
"Congo, Dem. Rep.",COD,2010,8.61867717510543,7.10000000000037,-8.99566348265581,,4.098,80.9975153909582,905.913458333333,5.21103758230342,27.5092637679337,24.0289275977627
"Congo, Dem. Rep.",COD,2011,-0.403164081254445,15.316515913949,-4.85216679390097,,4.317,83.4133637998303,919.4913,-3.61710580676336,20.9235493035013,25.2869778606739
"Congo, Dem. Rep.",COD,2012,8.66859360586926,9.72182806273364,-4.19742912084297,,4.485,66.7056747465748,919.755016666667,5.10047276903202,19.0449274180321,26.1121884425366
"Congo, Dem. Rep.",COD,2013,17.5159124688348,0.808223101487111,-8.90999507535482,,4.469,72.5557545139014,919.565907354881,13.5855917153835,21.0539723864783,28.101667729394
"Congo, Dem. Rep.",COD,2014,7.30227750870263,1.24303889760803,-4.49147540188532,,4.436,74.1131729382021,925.226282531997,3.72497982298587,17.1527389128536,31.9941439501849
"Congo, Dem. Rep.",COD,2015,6.35973756164829,0.74419899478147,-3.69282012359848,,4.441,57.7539236163245,925.984961280393,2.90483865777841,15.6120482697762,28.2489760430453
"Congo, Dem. Rep.",COD,2016,0.393832798154563,2.88585107289988,-3.89676371833081,,4.528,68.0083342860132,1010.30275716866,-3.09891686152069,14.3576500658631,25.730139110082
"Congo, Dem. Rep.",COD,2017,4.24121047272719,,-3.30715525146266,,4.613,65.9184525277578,1464.41793163743,0.498126250776636,14.3225235261773,27.5611277266771
"Congo, Rep.",COG,2000,7.5759803952642,-0.881991517025431,20.1289422019463,,19.872,123.909884405671,710.207977031367,3.53179165255042,205.005838451741,22.6259541984733
"Congo, Rep.",COG,2001,3.80260189913561,0.0559899218140583,-1.01723380328061,,19.88,130.732481081873,732.397693260228,-0.041524211389671,244.775377673014,26.356637211346
"Congo, Rep.",COG,2002,4.58187006108889,4.37875971780873,-1.14076678309812,,19.644,135.45607107226,693.713226496374,2.1400863574699,229.549295388809,23.4075965604067
"Congo, Rep.",COG,2003,0.813264076303781,-0.631844987363156,14.8882764007301,,19.877,156.861777335368,579.897426172466,-1.96564823937744,214.305004504064,26.0903241706861
"Congo, Rep.",COG,2004,3.47663162118089,2.42976607961799,14.5085104569995,,19.896,131.368198717322,527.338032291576,-0.000136349476449027,215.769598558709,22.5203408420881
"Congo, Rep.",COG,2005,7.75575897806648,3.09449011456182,10.4641144260127,,19.796,119.552892262402,527.258362649626,3.9415931821321,124.801399140698,25.9379984821473
"Congo, Rep.",COG,2006,7.98623836334291,6.53784395299604,1.53894345042081,,19.563,125.600762974491,522.425624895176,4.01799119733973,97.768955708561,28.2834567847369
"Congo, Rep.",COG,2007,-6.61399480441001,2.65464645060703,-24.0002254918381,,19.909,148.586625395069,478.633718476363,-9.96945133776909,71.6587564832677,61.0536960552352
"Congo, Rep.",COG,2008,6.30637595585259,4.95875092023152,7.46170443036968,,19.962,133.108486659608,446.000041432788,2.86698415150693,51.2724866619209,42.0714121709361
"Congo, Rep.",COG,2009,11.6372888615758,4.41500374795223,-14.1030536085047,60.2269417189103,19.844,135.552365681975,470.293423341398,7.26428280496805,56.4002225840262,54.295110833528
"Congo, Rep.",COG,2010,9.93126543095578,0.391525011227612,6.85413566856583,25.4826844740907,19.3,124.064754399607,494.794262222947,5.47046970435608,22.8800991079336,47.1901706659231
"Congo, Rep.",COG,2011,2.20591936286718,1.75958704273803,13.2423472931453,,19.435,124.591742710141,471.248625718937,-1.06295910259951,22.6536828087203,36.8419012310002
"Congo, Rep.",COG,2012,9.94715314257564,5.01018773134471,13.6849086384196,,19.491,97.444435145443,510.556338454251,6.91517273107118,21.4224702620134,43.8168282700271
"Congo, Rep.",COG,2013,-0.712434451876447,4.63161619729461,10.7855804840986,,19.845,93.0028633915235,493.899623852237,-3.09694323656935,23.9415104340459,47.0644823800022
"Congo, Rep.",COG,2014,6.64606540928447,0.912139545450097,3.79355485952657,,19.696,104.197620103417,493.757329875312,4.1002792779107,31.4818385866081,52.8446172450901
"Congo, Rep.",COG,2015,0.415193061293763,3.16909796750829,-37.2388274641582,,20.02,117.320721558581,591.21169798261,-1.98214587471384,54.7879329617986,76.7823246780685
"Congo, Rep.",COG,2016,-8.68524343913786,3.19056179723773,-32.8963883802867,,20.298,122.259818284021,592.605615063022,-10.8700508595295,63.2452493790411,71.266855758205
"Congo, Rep.",COG,2017,-5.59477371915547,0.450063823285546,,,20.737,94.6170952583422,580.656749587858,-7.86139425991523,71.3077717450485,45.8944862253605
Cote d'Ivoire,CIV,2000,-0.265789462275947,2.53077516737997,,,4.835,54.9639916295152,710.207977031367,-2.98789209303686,123.827740747421,15.8924072733403
Cote d'Ivoire,CIV,2001,-2.15401249077306,4.36152914007256,,,5.195,53.1141047180447,732.397693260228,-4.73706957562547,117.135736116065,14.2203409229788
Cote d'Ivoire,CIV,2002,-2.73052647441901,3.07726485157427,,,5.508,55.9019482275388,693.713226496374,-5.21173930372343,107.837610728743,12.0234754844887
Cote d'Ivoire,CIV,2003,-4.72586658630681,3.29680746974208,,,5.847,53.260060681877,579.897426172466,-7.07101837658274,89.5263834060071,13.9684419032966
Cote d'Ivoire,CIV,2004,3.18503822575397,1.45798835600741,,,5.915,58.1182963035946,527.338032291576,0.712925866714116,89.1088513563425,14.7182926366705
Cote d'Ivoire,CIV,2005,0.996065564854788,3.88583039886482,0.165122856652972,,6.023,62.8209360402806,527.258362649626,-1.38664840401142,73.0604016499992,13.8421414471747
Cote d'Ivoire,CIV,2006,2.81557859252327,2.46719148596915,1.89621807045563,,6.017,63.690377061452,522.425624895176,0.421959618326611,79.7593450880136,14.1808271176765
Cote d'Ivoire,CIV,2007,1.10142976793477,1.89200629349598,-0.484088679670276,,6.284,61.4309423484426,478.633718476363,-1.22415870474471,73.5408713516321,13.7262735107761
Cote d'Ivoire,CIV,2008,4.7826659787672,6.30852769152578,1.33044255664336,,6.382,61.9406212969499,446.000041432788,2.42600024388695,55.3661564735526,18.1800206859596
Cote d'Ivoire,CIV,2009,3.60332156667053,1.01950457731138,4.79271756698353,,6.573,66.6729037469185,470.293423341398,1.32618518113594,63.5530027715313,14.7435495856944
Cote d'Ivoire,CIV,2010,6.84804939907013,1.2264561213548,1.33095270108223,,6.607,67.472940081257,494.794262222947,4.5193074547668,48.7687327973699,21.6810545298756
Cote d'Ivoire,CIV,2011,-5.37044724000579,4.9124339505245,7.26612761772172,,7.144,64.7159030611345,471.248625718937,-7.40424970030114,52.3637452575251,16.5937189121478
Cote d'Ivoire,CIV,2012,7.62041176451649,1.30451119915606,-0.882958574823465,,7.223,70.3010893191249,510.556338454251,5.39583595248281,36.8043493917994,20.4508171031026
Cote d'Ivoire,CIV,2013,10.7602131311256,2.58117037252936,-1.48012277771383,,4.255,58.3526792527234,493.899623852237,8.5732243032672,32.9959305681881,22.9098013286147
Cote d'Ivoire,CIV,2014,9.37199994240375,0.448682076766141,1.04562413672806,,3.274,53.6804175610344,493.757329875312,6.75169825092141,20.4531343881166,22.6204558252908
Cote d'Ivoire,CIV,2015,7.19494942728191,1.25149954781468,-0.439534823506042,,2.573,52.7153604615931,591.21169798261,4.14232947521536,25.4109025665834,23.3881494701744
Cote d'Ivoire,CIV,2016,7.17275963956332,0.723178457513308,-0.855798630849984,,1.896,47.5655783613535,592.605615063022,4.10858359182184,24.2006866364198,23.1944017562697
Cote d'Ivoire,CIV,2017,7.41076242592504,0.685881065304603,-1.99780015304642,,3.272,48.6625074729482,580.656749587858,4.42161228468103,26.3779718245256,20.8176586853442
Djibouti,DJI,2000,,,6.04193525666741,,26.664,,177.721,,52.5352242003136,
Djibouti,DJI,2001,,1.74665224985434,12.0278460954718,,26.597,,177.721,,51.2473760774394,
Djibouti,DJI,2002,,0.63761955366632,11.8252569135347,,26.589,,177.721,,59.1529064264454,
Djibouti,DJI,2003,,1.98196734627545,12.7055171216025,,26.484,,177.721,,61.5327461758601,
Djibouti,DJI,2004,,3.12226204699352,0.473072861668427,,26.441,,177.721,,66.8509148498461,
Djibouti,DJI,2005,,3.10496640148299,2.8410579725105,,26.448,,177.721,,66.7501330392416,
Djibouti,DJI,2006,,3.48340699677866,-2.15448790661934,,26.382,,177.721,,71.5531617177801,
Djibouti,DJI,2007,,4.96597654553301,-20.2086361012124,,26.292,,177.721,,92.9119463966667,
Djibouti,DJI,2008,,11.9586206896552,-22.5587851004156,,26.183,,177.721,,81.9170031593552,
Djibouti,DJI,2009,,1.67549587285963,-6.77718840004505,,26.325,,177.721,,83.9265785312392,
Djibouti,DJI,2010,,3.95007875923886,4.47357137871551,,26.368,,177.721,,67.0646568443457,
Djibouti,DJI,2011,,5.0687139477798,-13.8678242864019,,26.31,,177.721,,61.6657905187845,
Djibouti,DJI,2012,,3.73120950756887,-10.9311673573902,,26.179,,177.721,,58.090597298747,
Djibouti,DJI,2013,,2.70603242872186,-30.7512096888003,,26.149,347.720317058403,177.721,,40.6920825984022,56.9079297902791
Djibouti,DJI,2014,7.19298728463697,1.34186494340162,23.8932174835351,,26.16,298.564535821251,177.721,5.28018025983934,42.9271673641205,3.11518509884608
Djibouti,DJI,2015,7.30898563450799,-0.522166521445793,29.4599511791353,,26.063,268.363456254629,177.721,5.45836831293627,51.2014218463801,-3.94592435677103
Djibouti,DJI,2016,7.1234323372872,2.4025290543489,-1.00034788975653,,25.982,213.071998607921,177.721,5.33331529745931,67.4162737541098,21.9359401140492
Djibouti,DJI,2017,5.458091517212,0.577285724560661,-4.79510874009854,,26.064,305.967966403468,177.721,3.73971530980459,86.0029214045977,21.6328079279849
Egypt,EGY,2000,6.37000382991766,2.68380535348546,-0.972570273448986,,8.98,39.0179359012055,3.47205,4.09609057659976,29.1436697781484,19.5530726256983
Egypt,EGY,2001,3.53525197391507,2.26975720475956,-0.401718427655422,,9.26,39.8104265402844,3.973,1.35955211640928,28.9819896399422,18.2603847226094
Egypt,EGY,2002,2.39020402675627,2.73723855000334,0.730979150171549,,10.01,40.9870678279229,4.49966666666667,0.258696269362616,34.8088896707165,17.9994721562418
Egypt,EGY,2003,3.19345473756772,4.50777636319304,4.66231377245509,,10.91,46.1796407185629,5.850875,1.05358246795282,37.9984128219101,16.8862275449102
Egypt,EGY,2004,4.09207161019908,11.270619332052,4.97788419534309,,10.32,57.8199052132701,6.19624166666666,1.96524683769799,39.9656119503054,16.9379765093756
Egypt,EGY,2005,4.4717444710621,4.86939696871988,2.34529559888579,,11.049,62.9526462395543,5.77883333333333,2.38032461730565,34.1985013048919,17.9758588672238
Egypt,EGY,2006,6.84383819369884,7.64452644526434,2.45322162862231,,10.49,61.5185365063947,5.73316666666666,4.77751297925985,28.7414925057896,18.7307754573418
Egypt,EGY,2007,7.08782742675582,9.3189690579923,0.315552631578947,85.7885338345865,8.8,65.077873254565,5.63543333333334,5.08546727843067,26.2922867901955,20.8512352309345
Egypt,EGY,2008,7.15628356711522,18.3168316831684,-0.868821887213847,,8.517,71.6806253489671,5.4325,5.17381069982021,20.6637689686303,22.3897264098269
Egypt,EGY,2009,4.67359980000663,11.7634954386443,-1.7707391095759,,9.087,56.5534446363462,5.54455330862977,2.7155259211155,18.7094477594032,19.1901746305891
Egypt,EGY,2010,5.14723485746742,11.2651882653185,-2.05668307641306,,8.757,47.9363500745898,5.6219429176105,3.14977851159885,17.1484993453553,19.5010774075916
Egypt,EGY,2011,1.76457194806041,10.0649259874818,-2.32378812632193,,11.849,45.2556341623514,5.93282765151515,-0.354646268621011,15.3121406993227,17.1030559404857
Egypt,EGY,2012,2.22619979818487,7.11172943343083,-2.49788021735236,,12.597,40.7117692721084,6.05605833333333,-0.042967018335915,14.6941589979995,16.0267510598913
Egypt,EGY,2013,2.18546605363386,9.46971981064921,-1.22513249838744,,13.154,40.373038056332,6.870325,-0.14323388106547,16.5588608179564,14.2119974199097
Egypt,EGY,2014,2.91591188052836,10.0702154687481,-1.94849131455399,,13.105,36.9201877934272,7.07760856060606,0.599558564662246,14.0020767838652,13.6431924882629
Egypt,EGY,2015,4.37201907781687,10.370490343517,-5.23529137853431,,13.052,34.8459429600229,7.69125833333333,2.2041585800734,15.4090910799379,14.2886370146078
Egypt,EGY,2016,4.34664345601914,13.813606214829,-6.16465951871263,,12.45,30.2465490514505,10.0254007885465,2.24497375695228,21.0959884446522,15.0402303092936
Egypt,EGY,2017,4.18122099961562,29.5066083940039,-3.19681566782461,,11.767,42.8321343581608,17.7825335150636,2.12015477140174,34.6961018574758,18.734101042151
Equatorial Guinea,GNQ,2000,18.2137799569674,4.80228886901398,,,7.444,,710.207977031367,12.1516339606444,,
Equatorial Guinea,GNQ,2001,63.3798754250602,8.82538925854966,,,7.551,,732.397693260228,53.2356880825419,,
Equatorial Guinea,GNQ,2002,19.4628340359251,7.5924784983324,,,7.646,,693.713226496374,12.258597420866,,
Equatorial Guinea,GNQ,2003,13.9552503163825,7.32354399351809,,,7.701,,579.897426172466,7.24786542705019,,
Equatorial Guinea,GNQ,2004,37.9987268556423,4.21968787094834,,,7.658,,527.338032291576,30.0162976688723,,
Equatorial Guinea,GNQ,2005,16.7487006053541,5.63163351357613,,,7.667,131.02447181321,527.258362649626,10.9012034435108,,39.4767488235046
Equatorial Guinea,GNQ,2006,7.70491760658767,4.41589984169561,,,7.612,118.532782368937,522.425624895176,3.03105558195507,,26.5011245422482
Equatorial Guinea,GNQ,2007,15.2821139194857,2.80373831775704,,,7.592,134.083789857569,478.633718476363,10.1968975693747,,29.585907339941
Equatorial Guinea,GNQ,2008,17.7991091333811,6.55176691184535,,,7.571,128.688006601458,446.000041432788,12.5326733451216,,27.5417518128173
Equatorial Guinea,GNQ,2009,1.34335628806095,4.69106567747375,,,7.702,122.212077110801,470.293423341398,-3.22046029526918,,39.3928256509129
Equatorial Guinea,GNQ,2010,-8.92417588851806,7.78916547991184,,,7.847,144.668225001248,494.794262222947,-13.0151718370352,,38.0562994925977
Equatorial Guinea,GNQ,2011,6.52392362989873,4.805389221557,,,7.837,114.37734663649,471.248625718937,1.99905762799257,,32.0492712659016
Equatorial Guinea,GNQ,2012,8.31287184445641,3.65662048278806,,,7.761,116.675422472364,510.556338454251,3.98800386782088,,41.1481428957988
Equatorial Guinea,GNQ,2013,-4.13319850131583,2.94887694639662,,,7.675,106.893284926066,493.899623852237,-7.8885603944365,,30.3080451576082
Equatorial Guinea,GNQ,2014,0.415066301596866,4.30999866149107,,,7.669,104.379198671388,493.757329875312,-3.43058595312914,,28.7093001746
Equatorial Guinea,GNQ,2015,-9.11004114881537,1.67663085315988,,,7.778,98.8780591680756,591.21169798261,-12.4917142663428,,24.7014529043977
Equatorial Guinea,GNQ,2016,-8.81641723219757,1.41193915479015,,,7.798,92.6007307237942,592.605615063022,-12.0971098998986,,16.6986459903143
Equatorial Guinea,GNQ,2017,-5.66750850486686,0.74435474661241,,,7.843,102.428258251803,580.656749587858,-8.94053555047577,,14.03171665413
Eritrea,ERI,2000,-3.14198590251638,,-14.8161574838645,,5.656,67.8813619265146,9.625,-4.61837133772084,46.6433325086718,21.9967567603027
Eritrea,ERI,2001,8.75543552816325,,,,5.74,72.0627109589752,11.3094520833333,5.69571154371637,57.7052737075194,35.2606217610795
Eritrea,ERI,2002,3.0054291917378,,,,5.794,76.5901636574451,13.9581941666667,-0.47685782309577,74.769965837592,29.5489323270544
Eritrea,ERI,2003,-2.65551592487554,,,,5.79,74.0078242901552,13.8778905833333,-6.59492016605172,76.2382721016212,26.5439604075464
Eritrea,ERI,2004,1.45173556595506,,,,5.704,65.570906849032,13.7875,-2.6238903510386,69.5074494024492,20.2629217457409
Eritrea,ERI,2005,2.57444955124846,,,,5.721,61.1060310218073,15.3679166666667,0.14882340502966,69.5323374286343,20.3394397206045
Eritrea,ERI,2006,-0.969217110711355,,,,5.707,45.2608460537354,15.375,-2.51821345546691,68.4210441854889,13.6811165438244
Eritrea,ERI,2007,1.42682221120323,,,,5.719,34.5595595326375,15.375,-0.04176960463559,68.4132717564279,12.6735754136609
Eritrea,ERI,2008,-9.78303001782456,,,,5.683,30.5609500494496,15.375,-12.1248431632963,72.9142760906008,12.7135404800139
Eritrea,ERI,2009,3.8765015275421,,,,5.757,27.9721416148149,15.375,1.3025781558331,57.0842040753833,9.26379597839317
Eritrea,ERI,2010,2.19419034888082,,,,5.854,37.4714654565691,15.375,0.205918877679608,66.0762157560823,12.3854014927083
Eritrea,ERI,2011,8.67980010138049,,,,5.801,47.3937901188684,15.375,6.74798297853228,51.4834999754646,12.626317662696
Eritrea,ERI,2012,,,,,5.692,,15.375,,,
Eritrea,ERI,2013,,,,,5.624,,15.375,,,
Eritrea,ERI,2014,,,,,5.637,,15.375,,,
Eritrea,ERI,2015,,,,,5.751,,15.375,,,
Eritrea,ERI,2016,,,,,5.772,,15.35,,,
Eritrea,ERI,2017,,,,,5.804,,15.075,,,
Eswatini,SWZ,2000,1.76017328388222,12.2085358545844,-2.70238391314617,,24.547,,6.93982833333333,0.721283694963475,18.829566446428,
Eswatini,SWZ,2001,1.41221393287066,5.94210982281648,0.598910535464894,,25.24,,8.60918083333333,0.48113089277777,21.1899563471159,
Eswatini,SWZ,2002,4.0886479398829,12.0197154699232,2.38216911954967,,25.771,,10.5407466666667,3.26561899934499,28.6222718227598,
Eswatini,SWZ,2003,4.53865525672528,7.28999999999999,4.15889604093632,,26.259,,7.56474916666667,3.82725927049805,21.0354554386782,
Eswatini,SWZ,2004,3.61711931922247,3.44533507316614,2.63067140122666,,26.716,,6.4596925,2.99348109442741,16.7202018521196,
Eswatini,SWZ,2005,5.99228289096037,4.77400404553712,-3.31336100189478,,27.221,,6.35932833333333,5.4163606626928,15.501556718231,
Eswatini,SWZ,2006,6.72880946564094,5.30463946338728,-6.11526332672521,,27.693,,6.77154916666667,6.19597048349081,14.3700027999553,
Eswatini,SWZ,2007,4.31772144872362,8.07608827861589,-1.93276556706589,,28.24,,7.045365,3.71813879735403,14.1795461962588,
Eswatini,SWZ,2008,1.44055358727118,12.6574601863915,-7.14591112347183,,27.891,,8.26122333333333,0.758242258979109,14.610325399621,
Eswatini,SWZ,2009,1.43311134247756,7.44823423445754,-11.7528556394377,,27.488,,8.47367415824888,0.784947122409747,15.0406513122438,
Eswatini,SWZ,2010,3.82443487429767,4.50923691774369,-8.90472208675336,12.9613211155748,26.856,,7.32122196115288,3.21763655344279,24.1391712883702,
Eswatini,SWZ,2011,1.83973625916165,6.10742714590251,-5.9649333225146,12.7705717318626,26.105,,7.26113213232735,1.27643647351354,22.9488599336301,
Eswatini,SWZ,2012,4.09048190124592,8.93964682788212,5.05366904415604,13.2587988833004,25.226,,8.20996862659331,3.53199247160502,18.8962580139771,
Eswatini,SWZ,2013,4.09458522119226,5.62130623468948,10.9113844873232,,24.556,85.2034551274939,9.65505606913526,3.53016648859264,17.6734334793297,16.1345781176745
Eswatini,SWZ,2014,2.05738179246586,5.68134885776447,11.9504856315641,14.3086225605816,23.931,91.6200186943398,10.8526555687831,1.49073514248317,13.108811523473,19.6275885076679
Eswatini,SWZ,2015,1.70425806017289,4.95124493704919,13.6462188835414,16.3848798476003,23.431,88.2620944023684,12.7589308811644,1.12454682394791,11.9994441455595,17.2217061828251
Eswatini,SWZ,2016,2.94916821059911,7.8472745908568,7.9902465271262,20.5460181439876,22.718,89.3584874439935,14.7096108855267,2.34965752297238,21.7512062655663,17.3577663965022
Eswatini,SWZ,2017,3.52095345987983,6.22137528933118,6.1129365155531,21.886341638627,24.543,86.8801420302976,13.3238014244992,2.74440888521023,20.9427406874014,17.6967903356276
Ethiopia,ETH,2000,6.07321748125295,0.662458109266482,0.163268897783398,,3.499,,8.21725833333333,2.86806618904541,67.4176813772581,0.0
Ethiopia,ETH,2001,8.30130632267965,-8.23784453391137,-4.53620596538169,,3.16,,8.45749166666667,5.06530432457272,70.241995024966,0.0
Ethiopia,ETH,2002,1.51472570667433,0.675089102170801,-1.74046524518375,,3.054,,8.56775,-1.52885894017255,84.0357388903259,0.0
Ethiopia,ETH,2003,-2.16135972256865,13.6740452028272,-1.58150719828577,,3.008,,8.59968333333333,-5.07288652380292,85.0919590523141,0.0
Ethiopia,ETH,2004,13.5726031401471,3.32737047894847,-6.59189372254429,,2.776,,8.63558333333333,10.221815108184,65.2403771482643,0.0
Ethiopia,ETH,2005,11.8187659491625,9.96997123512892,-12.6419842587598,,2.497,,8.66644166666667,8.5508986289875,49.9444271988528,0.0
Ethiopia,ETH,2006,10.8347270679373,12.2994763114825,-11.6871605564419,,2.337,,8.69861583333333,7.62653694970021,14.5710792759199,0.0
Ethiopia,ETH,2007,11.4561670019891,17.2404008340898,-4.20144598076542,,2.337,,8.96595,8.23770708038126,13.1458504385529,0.0
Ethiopia,ETH,2008,10.7885216870332,44.3566858766952,-6.67139557726763,,2.326,,9.59974166666667,7.62786742867665,10.512984266129,0.0
Ethiopia,ETH,2009,8.8025531990487,8.48364404530282,-6.75348362103612,,2.326,,11.7775996725,5.7563855983106,16.5497677481654,0.0
Ethiopia,ETH,2010,12.5505383347633,8.14926402965082,-2.1222608717343,,2.295,,14.4095898080066,9.4043448666486,24.4334323010783,0.0
Ethiopia,ETH,2011,11.1782962297008,33.2499598823344,-3.30367964138339,,2.27,48.232935411689,16.8992257595275,8.06141676362226,26.9969906653902,32.1076664694521
Ethiopia,ETH,2012,8.64781163513926,23.600417677317,-7.10674868080212,,2.252,45.3979041835072,17.7047613782674,5.64374376946701,24.2166657612452,37.0979619673542
Ethiopia,ETH,2013,10.5822700502552,7.46402192944517,-6.36626399169653,10.733283781495,2.251,41.4717870807625,18.6266289575478,7.61661454720691,26.4725857260442,34.0811183155872
Ethiopia,ETH,2014,10.2574929627477,6.89001951597192,-10.3781721184148,26.9372797365191,2.361,40.7410841498626,19.585789907695,7.33861859355025,30.5557352254075,37.9937253037378
Ethiopia,ETH,2015,10.3924630141307,9.56889955968623,-12.1838327178753,27.9431250379303,2.442,39.6561241449515,20.57684875,7.4680767605293,31.7812582331685,40.6712729848122
Ethiopia,ETH,2016,9.43348265981905,6.62813337230924,-11.5449209376397,29.0056817322355,2.556,34.8990210816111,21.7315472222222,6.5099145630674,31.5941088728904,37.3487629699646
Ethiopia,ETH,2017,9.56418965754014,10.6871150284238,-7.76343039992897,30.0951138170263,2.665,31.1036494929016,23.8661044574125,6.61862070026751,32.195990368417,38.4439871569806
Gabon,GAB,2000,-1.88296639760897,0.504920025834859,19.7027587812577,,17.848,101.701928939637,710.207977031367,-4.3871748201515,91.4060951554922,21.9020564270273
Gabon,GAB,2001,2.13523342197423,2.13762052701465,10.2998522952722,,17.827,83.6386132424108,732.397693260228,-0.517762468580202,78.4612185117591,22.7454690749839
Gabon,GAB,2002,-0.249033168543434,0.0366828893971394,6.33560263979825,,17.376,84.7590815376223,693.713226496374,-2.88501235798608,72.4497933882251,25.1070976391096
Gabon,GAB,2003,2.2473300115045,2.23535313551536,11.7614768617876,,17.126,80.3026082056312,579.897426172466,-0.505326252378111,65.6666010211137,22.6391014756493
Gabon,GAB,2004,0.689543058464849,0.40820530743925,11.8977404655294,,17.108,81.7675371418698,527.338032291576,-2.09108844494591,62.5130970565072,21.4960517696994
Gabon,GAB,2005,2.67620333310926,3.70833333333304,20.6930568792579,,16.91,83.9495998399241,527.258362649626,-0.262443845603784,46.173861951464,21.3645323014692
Gabon,GAB,2006,-2.80657835569052,-1.4094013660098,,,17.805,88.6494092562519,522.425624895176,-5.6960834287439,48.709055106344,24.0451962615575
Gabon,GAB,2007,6.00810802487668,5.03031883679951,22.0639363873959,,18.257,85.1324791636578,478.633718476363,2.74524486560748,48.2969273788531,24.8786940506869
Gabon,GAB,2008,-3.30843064878751,5.26430145575285,24.5939589011604,,19.212,88.9988725945748,446.000041432788,-6.37298501256997,18.5507363685603,25.0898974271767
Gabon,GAB,2009,0.130331119816617,1.88570754577918,6.63781868280595,,19.76,83.5045774235636,470.293423341398,-3.14683049052138,25.2548638328026,27.981113361031
Gabon,GAB,2010,7.08988731455126,1.46154402720469,17.0685059551217,,20.39,89.1576627248353,494.794262222947,3.45835073677657,23.3479360188722,29.7011138055349
Gabon,GAB,2011,7.09175334258654,1.26331707837421,14.30205454341,,19.895,90.4983773331323,471.248625718937,3.35937600321799,20.2591426269362,26.6423895609865
Gabon,GAB,2012,5.25107691750407,2.65241828695626,11.5176523304205,,19.661,92.3428089420545,510.556338454251,1.552307854364,20.9682000950422,26.9661499641622
Gabon,GAB,2013,5.63869900338696,0.505441058915615,8.31242147608324,,19.736,90.6350361478645,493.899623852237,1.98480609519432,30.3496330016414,29.1805950279998
Gabon,GAB,2014,4.31496444107469,4.69045751826284,6.10892058354702,,19.873,73.5203290162438,493.757329875312,0.869784891054778,26.9271691206854,35.1390486032907
Gabon,GAB,2015,3.8788993950789,-0.338795188753406,0.980288664808838,,19.943,73.9497814588281,591.21169798261,0.693296575495864,38.9088177850882,29.2309562924902
Gabon,GAB,2016,2.09144220829562,2.10670712784054,,,20.117,70.1333810645308,592.605615063022,-0.79183198007,41.6453797981868,26.9822610431075
Gabon,GAB,2017,0.472642030911146,2.65192583143902,,,20.307,75.0687404456638,580.656749587858,-2.16361774149249,47.0383134247217,21.2986084367913
"Gambia, The",GMB,2000,5.50000021632955,0.8449695667737,,,9.722,56.3598198850954,12.7876250950944,2.65021456237223,65.1187710252049,4.56249739677209
"Gambia, The",GMB,2001,5.80000024323377,4.49259609239754,,,9.64,46.9292631865623,15.6871583333333,2.97441795005224,75.3610617515334,11.1727401352846
"Gambia, The",GMB,2002,-3.25000014970206,8.60912474386327,,,10.039,59.642950918834,19.917825,-5.81287900613223,107.058361132109,7.27832762883119
"Gambia, The",GMB,2003,6.86999962173842,17.0328665431988,0.541196571889132,,9.991,68.8587930342232,28.5305083333333,4.0302689250437,138.563961047829,10.0388860071725
"Gambia, The",GMB,2004,7.05000000064635,14.2067432845569,-3.15228070444893,,9.948,49.9342995615683,30.0300833333333,4.16456397721086,72.2098548469304,14.3183765243099
"Gambia, The",GMB,2005,-2.35172936176019,4.83862177543157,-4.22219702002328,,9.92,50.0187233950976,28.5754333333333,-5.03011452953602,65.8366506020533,13.8318506658647
"Gambia, The",GMB,2006,-0.555580977246521,2.0565034236599,-6.22324623229532,,10.241,50.374468581975,28.065725,-3.35221701800941,68.9310783848804,15.6906853088323
"Gambia, The",GMB,2007,3.04324950829739,5.36913473801957,-6.19477968023257,,10.425,44.2938444656791,24.8734333333333,0.0963372438063175,55.0960767922269,12.5665208782691
"Gambia, The",GMB,2008,6.25590553394287,4.4436549094501,-0.402650265042615,,10.065,39.0890994561344,22.19235,3.21187607038,25.4686488738758,10.5224347295927
"Gambia, The",GMB,2009,6.6657243078367,4.56150687670983,1.93110412724461,,9.778,41.7773944257977,26.6443612042313,3.61238687182772,37.3430257494781,12.8914138046647
"Gambia, The",GMB,2010,5.90833580968288,5.04968075857402,1.13391181749086,,9.673,41.0125150279466,28.0119536626841,2.87350950500529,35.9332457818132,13.8767105275043
"Gambia, The",GMB,2011,-8.13044422315659,4.7958826618311,-7.67135227929094,,10.276,42.6397020468894,29.4615200601576,-10.7772609082744,37.4435207463885,12.8961682852301
"Gambia, The",GMB,2012,5.24156924630741,4.25432199813899,-6.55707152697875,,10.346,47.7006731141985,32.0771338886217,2.18645897140155,40.8138633096458,20.8771686494917
"Gambia, The",GMB,2013,2.872768790327,5.69912989637382,-7.05935659160072,,9.454,45.4619193623296,35.9575868341651,-0.0966163079995681,43.3066265390408,14.7115331277791
"Gambia, The",GMB,2014,-1.40738249510954,5.94799935696626,-6.87758719722139,,8.191,58.2579307752264,41.7329616505126,-4.17258609769029,46.5158787603784,16.6526122015212
"Gambia, The",GMB,2015,4.0580738039996,6.8084549457961,-3.90228061316891,,7.226,44.5223730803813,42.5062080923725,1.25137248146628,43.5650984373062,20.3498140429739
"Gambia, The",GMB,2016,1.94335965478776,7.22879272057922,-5.1279664746384,,6.244,38.1140879565948,43.3725276731819,-0.701007891119758,42.7715420042373,24.919934192266
"Gambia, The",GMB,2017,4.8226112492757,8.03418974545911,-6.32875593450885,,5.097,55.7335796090833,46.6089094621101,2.20807546707253,51.1045782522749,22.9597266827213
Ghana,GHA,2000,3.70000008164408,,-7.75495051706689,,10.456,116.048430162968,0.544919175868766,1.12706117579829,139.443581025134,23.9986004971918
Ghana,GHA,2001,4.00000012807919,,-8.04286187367619,,9.615,110.045854160811,0.716305157808996,1.26692433665509,131.770132028794,26.5994216024397
Ghana,GHA,2002,4.49999955900331,,-1.70668468981884,,8.711,97.4892431746551,0.792417084313167,1.6652639048673,126.562832119902,19.7
Ghana,GHA,2003,5.200000133101,,1.33224533437262,,7.728,97.2871457139532,0.866764326525345,2.39760659496866,111.158074007368,22.9369279766376
Ghana,GHA,2004,5.59999999077445,,-6.64520344576759,,6.758,99.6703343472122,0.899494854007063,2.83982995857866,83.4220114525133,28.3775066840527
Ghana,GHA,2005,5.90000381855104,,-10.280631865678,,5.816,98.1715141146279,0.905209485833333,3.15861099530474,76.2429877949672,29.0021406363098
Ghana,GHA,2006,6.39991260618034,,-5.05660776463669,,4.897,64.5190542439152,0.915106799166667,3.66950804093835,29.8321093533139,22.46580573765
Ghana,GHA,2007,4.34681910440079,,-9.58130961421888,,5.104,65.3543222852532,0.932619195,1.69171777527903,33.6669797693266,15.3845449877747
Ghana,GHA,2008,9.14979893831817,,-11.6021635051277,,5.144,69.5142256111434,1.052275,6.41466992518754,35.2167135896258,16.4919639408033
Ghana,GHA,2009,4.84448705175076,,-7.28314283327412,,5.362,71.5947385281523,1.40496666666667,2.26068893513001,49.9435765043797,16.4317931081367
Ghana,GHA,2010,7.89971194051621,,-8.5327330566748,,5.384,75.3778157916824,1.42998333333333,5.30617508163762,56.7993406394068,13.1001937072805
Ghana,GHA,2011,14.0471235803149,,-9.00258173366364,,4.213,86.2954538549695,1.520625,11.3370417824575,55.9323652551077,12.8099929663177
Ghana,GHA,2012,9.2927894063005,,-11.9009237632839,,3.126,93.1680351286831,1.82486666666667,6.67974740594653,59.0969632571457,16.967722122965
Ghana,GHA,2013,7.31252501678145,,-9.07624953901069,,2.173,60.7593219028775,1.98135,4.75796338524816,46.662899214813,24.7715380530843
Ghana,GHA,2014,2.85624016330883,,-6.75690272053076,,4.403,63.8365624430783,2.896575,0.452244093941871,55.0300254159213,27.1650663374465
Ghana,GHA,2015,2.12075933817334,,-5.7116156025854,,6.806,76.5212709243242,3.71464166666667,-0.208325820413904,65.2895144150849,27.7096411705743
Ghana,GHA,2016,3.37346574966936,,-5.04424020618629,,5.256,67.8769994445865,3.90981666666667,1.04704406736222,64.6271141908687,25.4556554537134
Ghana,GHA,2017,8.12889488100956,,-3.31643027470143,,3.369,70.5483652904116,4.35053333333333,5.78094585817396,58.7440328132317,19.5655199555214
Guinea,GIN,2000,2.50306056299607,,-3.20759051700664,,4.586,36.6796954912881,1746.86991666667,0.512194741763963,71.6750336023485,14.0409789124706
Guinea,GIN,2001,3.65834646929586,,-1.44260287136746,,4.584,40.1878781394378,1950.55833333333,2.30947074547048,72.0556909029891,11.3011270031639
Guinea,GIN,2002,5.16460946696631,,-4.64074253447312,,4.549,38.0284032674396,1975.84375,3.5387047162788,74.0776962322233,9.97077078957571
Guinea,GIN,2003,1.24860125923698,,-3.68667076245062,,4.628,35.0751269891585,1984.93125,-0.996648465303707,66.3808591137098,14.8250363931269
Guinea,GIN,2004,2.34011731288737,,-3.06276375818202,,4.709,34.5950959210535,2243.93125,0.172593565879879,63.8697735614928,14.2157436663636
Guinea,GIN,2005,2.99727256275818,31.3733025877534,-3.74410214282105,,4.814,47.9377003917167,3644.33333333333,0.957366356559277,76.9405801305872,13.3976935679061
Guinea,GIN,2006,1.18960211693242,34.6952705997072,-5.2452359968981,,4.863,69.3862937148949,5148.75,-0.903894697466356,75.5314536341388,24.5633976978161
Guinea,GIN,2007,6.81747111070281,18.1755656108597,-7.23648388311734,,4.787,71.1210322265015,4197.75200416667,4.37307821452357,53.1176167375387,23.4196733530526
Guinea,GIN,2008,4.13301615965833,23.065612938798,-6.29234168357033,,4.803,64.1842433909581,4601.69100416667,1.64417388168144,46.504453249205,26.2176976521342
Guinea,GIN,2009,-1.12264204848687,4.68438868976504,-6.005146411906,,4.914,69.8153454158123,4801.0832375,-3.50758302722751,49.2575735107417,21.3066122469499
Guinea,GIN,2010,4.81336016967553,15.0502688559001,-4.7697025907998,,5.018,73.5465739340387,5726.07102083333,2.26713039266406,47.7994902944831,20.3254011637907
Guinea,GIN,2011,5.61211177430975,21.3169268542577,-17.1165293375314,,5.024,85.9546732708386,6658.03125833333,3.02826048764469,48.1825820228774,24.0533327443322
Guinea,GIN,2012,5.91528626133322,15.2262941038638,-13.5979829951241,,4.874,86.6743318322581,6985.82902633333,3.34759058991902,17.8091159273094,26.0215285191708
Guinea,GIN,2013,3.94568708624053,11.8875884481828,-14.2034724942303,,4.944,80.4264477180461,6907.8780695,1.4353219620192,21.0566525770157,23.4939613943409
Guinea,GIN,2014,3.69655311664086,6.1505055670642,-11.1827727004958,,5.044,76.7719658952305,7014.11877725,1.15630967477851,21.4938617504049,22.8165774180333
Guinea,GIN,2015,3.82591056949435,11.7800825029834,-11.6007986964145,,5.15,72.4427307469345,7485.51674166667,1.2305341257089,23.5641048658712,24.16336683296
Guinea,GIN,2016,10.82062719659,8.17268112275132,-31.9328390727135,,4.997,111.839467415368,8967.92707958333,8.01216245351651,26.1046688793802,52.6698445118375
Guinea,GIN,2017,10.3000053427355,8.91435947913097,5.03018582642409,,4.86,101.251633768429,9088.31949623166,7.51589992127235,23.2615121059829,22.270417145837
Guinea-Bissau,GNB,2000,1.10027815777423,8.63632094930278,,,3.358,52.7373461180145,710.207977031367,-0.908641384543557,251.248486073042,20.0607519051822
Guinea-Bissau,GNB,2001,4.7859716500482,3.34812265527108,-2.69821108512442,,2.958,47.5832172774612,732.397693260228,2.58170548418317,226.233001551958,18.8821713857088
Guinea-Bissau,GNB,2002,3.65393603642713,3.30012175283752,-0.271719275957978,,3.146,39.6760635550924,693.713226496374,1.40014043705072,213.632835978784,23.5961232443338
Guinea-Bissau,GNB,2003,-0.285931052286514,-3.50258551103421,-0.0519018620590297,,3.169,38.0334709318917,579.897426172466,-2.51633136885211,195.208850010156,27.64774494114
Guinea-Bissau,GNB,2004,1.17189152277038,0.883302696930943,2.38148745518108,,3.226,43.192131633446,527.338032291576,-1.13385031185746,193.795377199445,20.9616308959262
Guinea-Bissau,GNB,2005,6.55977111846077,3.32919922802856,-1.63867591635847,,3.184,45.7842315450716,527.258362649626,4.08995783100083,161.762937452423,18.2527613564441
Guinea-Bissau,GNB,2006,2.66650493269572,1.95473717628916,-6.3132458528375,,3.143,48.7605033860226,522.425624895176,0.220591080099751,166.782449014617,20.0790987853146
Guinea-Bissau,GNB,2007,2.55982647078751,4.61743772241997,-4.06952969493394,,3.125,46.2445284700147,478.633718476363,0.0376503174978779,146.348127725956,24.2726381660371
Guinea-Bissau,GNB,2008,4.52457514610252,10.4600731354706,-3.02102465076755,,3.157,45.1388893744724,446.000041432788,1.92082759963192,116.671017279504,17.3390259766336
Guinea-Bissau,GNB,2009,2.44795106098685,-1.65139733620775,-5.34847492021888,,3.163,43.5957474099206,470.293423341398,-0.124226604498276,126.797115348597,18.3648740410824
Guinea-Bissau,GNB,2010,5.60536311358261,2.51785140171701,-7.52999517168867,,3.121,43.5145876385454,494.794262222947,2.91052833964689,114.577031848083,19.4936149100766
Guinea-Bissau,GNB,2011,8.08504167173554,5.046102263202,-1.21431910534762,,3.072,48.6174602066373,471.248625718937,5.28027330014127,22.9125497047384,15.8456824536409
Guinea-Bissau,GNB,2012,-1.71286958446419,2.13054580274503,-7.93224654147768,,3.135,44.1280665609795,510.556338454251,-4.29238918450449,27.2257775195627,19.3541909065405
Guinea-Bissau,GNB,2013,3.25607190852087,1.20712555668405,-4.73187653933365,,3.173,39.9574617805787,493.899623852237,0.543365078897963,28.2817350804669,19.2302341915086
Guinea-Bissau,GNB,2014,0.964525745841428,-1.50924460570494,0.555849591467734,,3.285,46.8696583055238,493.757329875312,-1.65358336592615,33.3601215057816,20.1399364198987
Guinea-Bissau,GNB,2015,6.1340893623123,1.47672048910485,1.81726336561494,,3.168,54.3703755891285,591.21169798261,3.4407197814937,48.9945036240335,14.6862099976075
Guinea-Bissau,GNB,2016,5.4326782650304,1.50312055861088,1.36293739261607,,3.139,54.3006730474711,592.605615063022,2.81765698941554,47.1676533769771,17.6713587535475
Guinea-Bissau,GNB,2017,4.66367943913264,1.69111461822298,0.263885195365577,,3.089,56.9137475938811,580.656749587858,2.14454305364472,50.4340592867511,18.1207259537486
Kenya,KEN,2000,0.599695390807426,9.98002515350979,-1.5693516563302,,2.884,53.3090443862273,76.1755416666667,-2.38610693277963,48.8816816711472,17.4140906154511
Kenya,KEN,2001,3.77990649795343,5.73859814341467,-2.46632258412886,,2.876,55.9468360286644,78.563195,0.575576747494395,42.8030792314832,18.790340524259
Kenya,KEN,2002,0.546859530175595,1.96130821739162,-0.894975876340372,,2.916,55.1726722640053,78.7491416666667,-2.56736280977373,46.7971661071858,15.1382158893462
Kenya,KEN,2003,2.93247554570904,9.81569062979654,0.888450320310784,,2.869,54.132265895729,75.9355694444445,-0.194798007216917,45.5616989858586,16.4821493891933
Kenya,KEN,2004,5.10429977629738,11.6240355442426,-0.818703017571569,,2.844,59.4770033484289,79.1738760642135,1.89113513278383,43.3540299808694,16.962495556485
Kenya,KEN,2005,5.90666607980057,10.3127783574683,-1.34655849731384,,2.739,64.4788661639796,75.5541094514311,2.70244103195117,34.7059410831863,17.6496847904784
Kenya,KEN,2006,6.47249430015484,14.4537342081708,-1.97646990538246,,2.673,55.2364851257303,72.1008350178622,3.27715457506901,26.0902560577936,18.633585404403
Kenya,KEN,2007,6.85072976998784,9.75888023027529,-3.2293696026957,,2.642,53.8947888046059,67.3176381242857,3.66978666216018,23.8155904871498,20.4569783889085
Kenya,KEN,2008,0.232282744812977,26.2398166445063,-5.52329630288282,,2.751,57.5785986473131,69.175319816226,-2.7588645638462,21.4473704486947,19.6127114227698
Kenya,KEN,2009,3.30693981631089,9.23412592394652,-3.98728888063669,,2.816,45.9451918127805,77.352012297579,0.232598394599862,23.2191740274624,19.0191724248254
Kenya,KEN,2010,8.05847360290906,3.96138889115385,-5.21669389712653,,2.793,50.3942873502834,79.2331517045454,4.96811299885232,22.2953111640431,21.2639987992095
Kenya,KEN,2011,5.1211061197056,14.0224913014704,-8.14880935200664,,2.699,58.4022059745625,88.8107699710456,2.26952218964762,23.9314455090232,21.8858122759467
Kenya,KEN,2012,4.56867961444982,9.37777003547598,-7.47587166159349,,2.678,51.6236920232481,84.5296017573529,1.87670753904403,23.5760157767792,22.1933629258823
Kenya,KEN,2013,3.7978483925754,5.71749357037733,-7.85152228564967,,2.762,47.4646425127304,86.1228788982654,1.26331129067221,25.277644789086,22.4049681039862
Kenya,KEN,2014,5.02011100232484,6.87815499275949,-9.34004850596924,,2.767,46.170489362216,87.9221638089727,2.59218353342239,27.916456980179,24.9507189987733
Kenya,KEN,2015,4.96772112759767,6.58215429284779,-6.30459656347733,,2.762,40.3273846919019,98.1784533265271,2.65589352795405,31.3058278228131,22.1033982020293
Kenya,KEN,2016,4.21351706814744,6.29724953814625,-5.3970086381703,,2.757,34.8650195731824,101.504369498594,1.93794795580835,28.5315668521598,19.3484358309332
Kenya,KEN,2017,3.83795817364721,8.00564967709945,-6.99683322084959,,3.542,35.9950578754074,103.410004519014,1.60475183361922,33.4901470475528,20.6634949022773
Lesotho,LSO,2000,3.87554677576694,6.13197538722696,-8.6703357592323,,16.169,,6.93982833333333,3.84034989034289,68.0824704093267,
Lesotho,LSO,2001,3.56158183392093,-9.61615353858472,3.45948826928833,,16.081,,8.60918083333334,3.71996350434441,57.301673167109,
Lesotho,LSO,2002,0.723836067167127,33.812578338126,8.18759668831339,,16.079,,10.5407466666667,1.0355999970419,63.4369205822665,
Lesotho,LSO,2003,4.55977716384528,6.62916357146762,-1.48520681497293,,16.056,,7.56474916666667,5.06649512855877,42.6476037328897,
Lesotho,LSO,2004,1.69237417358596,5.02342068616285,1.75904831470622,,16.154,,6.4596925,2.41103579960742,37.3121483848754,
Lesotho,LSO,2005,3.46612222755311,3.43788423057443,5.68794455057766,,16.031,,6.35932833333333,4.42249766024187,30.5163405854888,
Lesotho,LSO,2006,4.23009522805209,6.07271879734293,11.9989367597937,,16.054,,6.77154916666667,4.65948787654852,29.3057848468101,
Lesotho,LSO,2007,4.18791409957151,8.01243669043409,18.1419183617744,,15.942,165.048948833372,7.045365,3.75025688346649,29.2370221953251,24.9246019342258
Lesotho,LSO,2008,5.52341966978646,10.7156661309681,15.7113939585122,37.5171853858454,15.851,161.126590593391,8.26122333333333,4.81119838923493,29.2593849086732,27.9814428627338
Lesotho,LSO,2009,-1.25375779920832,-16.8596910540644,-2.94530645950599,41.6905722621989,16.115,158.894737585637,8.47367415824888,-1.96870088552072,33.4280167854159,30.538219790262
Lesotho,LSO,2010,5.26967078056286,-2.40524254598706,-11.0020417569816,29.563599276758,16.068,150.102435487333,7.32122196115288,4.45925951436652,27.4384612861811,31.3011900430751
Lesotho,LSO,2011,4.61641394528752,5.0366305210156,-11.8566683946226,27.1308905908949,16.115,149.796606699153,7.26113213232735,3.69398595274109,26.3385185030518,25.3316425094885
Lesotho,LSO,2012,6.33408374679448,6.05143662139967,-18.7652520307529,32.1837873350535,15.761,150.208575358438,8.20996862659332,5.27066659627468,31.2593634380508,35.7205960501896
Lesotho,LSO,2013,1.79252555575545,4.86511899496385,-10.7579867652524,33.208634984126,15.926,133.36548975517,9.65505606913526,0.696148188602265,34.0219300417939,32.6667455053055
Lesotho,LSO,2014,1.71054990545476,5.37028961008587,-8.42016664486879,33.0174927862044,16.066,126.292475360578,10.8526555687831,0.557309193389017,33.5371164978444,34.0968182808394
Lesotho,LSO,2015,3.12406678044546,3.21844513655931,-5.73228396984584,33.1383846153849,16.223,129.722773082867,12.7589308811644,1.92251059472272,36.0951584026764,30.4366347369568
Lesotho,LSO,2016,3.60890731687714,6.59650490696543,-10.5017567713342,42.0604324864983,16.138,136.31524774176,14.7096108855267,2.35363981271321,56.5717759737007,28.7760063691053
Lesotho,LSO,2017,-3.13817493733471,4.447699373763,-9.01074725417763,37.368022786851,16.379,146.366771329494,13.3238014244992,-4.33655999292874,57.4106195232648,22.2056129829322
Liberia,LBR,2000,28.6159342546183,,,,2.018,,40.9025,23.9409230680701,367.107730688584,
Liberia,LBR,2001,2.92027476569781,,,,2.104,,48.591908993784,-0.0567743363726407,405.065965604016,
Liberia,LBR,2002,3.76301761700071,14.1596470116325,,,2.222,,61.7541666666667,1.09938923491595,431.582447676914,
Liberia,LBR,2003,-30.145132727942,10.3302881236823,,,2.42,,59.3788333333333,-30.6993530292511,610.451857796697,
Liberia,LBR,2004,2.61984689477413,7.82908704883235,-17.8067908816868,,2.424,,54.9058333333333,1.4054000654278,528.599561010111,
Liberia,LBR,2005,5.28121245309295,10.8343588481414,-19.34103075285,,2.413,,57.0958333333333,0.684612867093762,497.930342959329,
Liberia,LBR,2006,8.04390997190059,7.34144608278558,-15.4436442263208,,2.28,,58.0133333333333,2.17024627280136,433.48381412449,
Liberia,LBR,2007,9.53527536282282,11.3918966807102,-16.2534531227223,,2.232,,61.2722222222222,4.21343815918623,309.974366604395,
Liberia,LBR,2008,7.14569112811476,17.489448642993,-20.5275176083252,,2.221,,63.2075,2.88473943454363,201.789268647855,
Liberia,LBR,2009,5.30054050291531,7.42764305914919,-15.6782479232001,,2.241,,68.2866666666666,2.04180167202995,113.975572094097,
Liberia,LBR,2010,6.09982524004147,7.28992796890218,-42.7136316998038,,2.266,,71.4033333333333,3.07117998186455,23.0315492154157,
Liberia,LBR,2011,8.20076822497064,8.488167518494,-52.4853470186805,,2.211,,72.2266666666667,4.04086635073222,19.7309626197103,
Liberia,LBR,2012,7.99381444555367,6.83178703418548,-59.9955509929,,2.146,,73.5147720797721,4.24345556941776,19.257770781185,
Liberia,LBR,2013,8.68728781639683,7.577306817414,-32.8209688370027,,2.08,,77.52,6.3241100027268,18.4677287994045,
Liberia,LBR,2014,0.701393100287518,9.86111285574904,-19.9198359881725,,2.079,,83.8925,-1.37370786861489,23.5656809979216,
Liberia,LBR,2015,-0.0185649695590939,7.74869687621322,5.3024253714189,,2.557,,86.1883665716999,-2.06002320038729,28.4136467346258,
Liberia,LBR,2016,-1.5549586174878,8.83424868336488,-8.12261279894881,,3.081,,94.4272435897436,-3.54590251888713,30.4733641631046,
Liberia,LBR,2017,2.45515592012239,12.4196323907138,-16.6798323783013,,3.067,,112.706666666667,0.48341831127135,36.2106821833637,
Libya,LBY,2000,3.6792704082,-2.90000000000024,16.3831818181818,,19.275,45.2810937659422,0.512189613308333,1.97930843294741,,11.8406285072952
Libya,LBY,2001,-1.76283887062603,-8.81393752145546,9.76779674418605,,19.239,43.1734496124031,0.605064253623333,-3.55569593532938,,10.7461240310078
Libya,LBY,2002,-0.958897332849631,-9.79764705882356,3.38835921882208,,19.281,78.8597570352145,1.27067917397333,-2.84267783712218,,13.5168383822851
Libya,LBY,2003,13.0160372478013,-2.19115191986647,12.9522903033908,,19.074,90.6127305175491,1.29294412808415,10.7838721756603,,19.358996133254
Libya,LBY,2004,4.46163899648637,-2.19756774055898,13.9362270373209,,18.938,96.1293320792401,1.30496614426767,2.32576943782377,,11.6389465616944
Libya,LBY,2005,11.8707565226151,2.65020576131657,31.5730378883291,,18.66,90.8608896854615,1.30838482391592,9.53922388994984,,9.51658544855648
Libya,LBY,2006,6.50052541959279,1.45926876202722,36.8920600318477,,18.805,97.7381011197381,1.31357162479067,4.3383026664543,,21.0482643995738
Libya,LBY,2007,6.22998278561838,6.25098782993553,41.906588061326,,18.771,102.732315500893,1.26264486767833,4.06916207450483,,19.1096779450883
Libya,LBY,2008,-0.162048238799883,10.3607288954998,41.1733179906877,,19.041,103.242158045544,1.22356239341867,-2.26034195363675,,21.6648129995476
Libya,LBY,2009,-4.4001817631021,2.45990025609954,15.426446023908,,19.29,107.620930501039,1.25353448862568,-6.37107364350932,,26.0180306878529
Libya,LBY,2010,5.0272476723775,2.79989500109265,22.2877634810811,,19.321,98.077213074239,1.26678941001316,2.90736772244718,,19.8007992326027
Libya,LBY,2011,-50.3385151384986,15.5184815317562,6.62746278785412,,19.504,63.0054352895288,1.22415249460346,-49.1278565212286,,8.44242069649716
Libya,LBY,2012,86.8267484395784,6.05980392156855,25.7575733312092,,19.03,98.2243189168448,1.26165963821484,91.7813702690939,,15.2187654168722
Libya,LBY,2013,-17.9979615745681,2.60581802719517,0.0127403569483039,,19.311,106.334360918106,1.27169182111774,-19.6276937990081,,21.6855173162296
Libya,LBY,2014,-23.0428058282215,2.43294141599233,-33.1750366593745,,19.295,76.5248826381117,1.27240206718888,-24.5110536856449,,26.2237211424
Libya,LBY,2015,-0.842656252118843,10.4022933588151,-19.1840709119308,,19.69,56.9049073326883,1.38120985962103,-2.43005265175647,,17.382012837146
Libya,LBY,2016,-1.4909411172622,25.853874212446,-9.42697758493981,,19.559,41.1101760615135,1.39036867889833,-2.98083261952721,,13.8004674607543
Libya,LBY,2017,32.4918021862688,25.8036184788337,6.59107791644499,,19.053,47.5489661921214,1.3938200108235,30.3950611263495,,13.7077561764599
Madagascar,MDG,2000,4.45685893956946,11.859684500028,-5.62675808214078,,5.8,42.7771226639725,1353.49616666667,1.19450196549229,103.019407927904,11.9305464071932
Madagascar,MDG,2001,5.98023576982733,7.91694484529586,-2.57548758488006,,5.35,41.0351260923859,1317.69883333333,2.76590524360817,78.1232609671663,14.5092173370671
Madagascar,MDG,2002,-12.4079711055149,16.4985255315846,-8.91359828774943,,5.515,50.1816919379298,1366.39116666667,-14.9882005086862,87.0532997572408,10.9702431408945
Madagascar,MDG,2003,9.78489212474175,-1.70400479616298,-5.14632639531453,,5.01,34.030602917475,1238.32766666667,6.61414736438235,79.0994165632916,13.7245656856915
Madagascar,MDG,2004,5.25700362208742,13.9558018033211,-7.87799247937727,,3.951,48.7753818852156,1868.85783333333,2.23191685103676,76.6389141389255,21.1510251154033
Madagascar,MDG,2005,4.75584509499119,18.3638246468932,-12.5308217712467,,2.62,59.1300849357677,2003.02583333333,1.7317720668288,61.4523509812397,19.3271126967742
Madagascar,MDG,2006,5.3985084485368,10.7656371554865,-9.15517433304637,,2.945,62.1028389370244,2142.30166666667,2.34726337803239,24.4369416539954,20.3112680040621
Madagascar,MDG,2007,5.71056419885052,10.2879663187671,-9.88570197659671,,3.202,66.7027353570049,1873.87666666667,2.65309950729227,27.6379346616501,26.5179313396028
Madagascar,MDG,2008,6.71263253913001,9.29650839381057,-15.636461385028,,3.431,74.357353960806,1708.37083333333,3.62579150838536,23.8397536854649,38.7460962157139
Madagascar,MDG,2009,-3.9787086116544,8.95421802392949,-18.1718557648058,,3.885,62.4116975958196,1956.20583333333,-6.7569485520622,30.0620229114352,37.2218957020948
Madagascar,MDG,2010,0.619239744622121,9.24732173644116,-8.94853617133511,,4.28,57.8748945101807,2089.95,-2.26580252727942,28.1124879975055,27.0273897318508
Madagascar,MDG,2011,1.57842705366555,9.48254048582992,-6.72775114409969,,2.516,56.4830925951893,2025.1175,-1.26548226968092,25.2856982129885,23.3511667280009
Madagascar,MDG,2012,3.01114811621208,5.71384434191053,-7.4627101782413,,0.599,52.6517140811255,2194.96666666667,0.20064094160324,26.7087091899864,20.1689187861962
Madagascar,MDG,2013,2.30037622800727,5.8264294445198,-6.50549854289755,,0.995,56.3675817900932,2206.91416666667,-0.444341802421619,24.5044769963674,16.5129132509756
Madagascar,MDG,2014,3.33920311195367,6.08040811088302,-0.64912376658814,,1.385,61.9694322111234,2414.81166666667,0.605710119846222,24.2440491437094,16.4906896464725
Madagascar,MDG,2015,3.13229807490305,7.40419174202129,-2.25941841339224,,1.785,61.2203788365078,2933.50833333333,0.445748708056158,27.4767144034678,15.9918879278761
Madagascar,MDG,2016,3.99314606199499,6.03575858154679,0.378142575318559,,1.949,60.8346984831423,3176.53916666667,1.31063593376801,26.0181703262019,16.3659933893067
Madagascar,MDG,2017,3.93330759462793,8.60905075422949,-0.228589799383037,,2.123,65.3434015072915,3116.11,1.26236994297058,26.3828294698937,15.8063768979378
Malawi,MWI,2000,1.57607762616895,29.5814884631684,-2.89662420047882,,5.045,,59.5438083333334,-0.830828162365975,107.782579493177,
Malawi,MWI,2001,-4.97496361892476,22.7,-2.39994803963789,,5.221,,72.1973333333333,-7.24640554406461,105.029019287809,
Malawi,MWI,2002,1.70000003078317,14.7446346101603,-3.94494805532032,,5.248,,76.6866083333334,-0.760072947056585,57.5240856826466,
Malawi,MWI,2003,5.70563940467414,9.57679786919214,-5.33174689192046,,5.165,,97.432475,3.09254835285383,67.2217840173433,
Malawi,MWI,2004,5.42049754993828,11.4298060822124,-7.49180677650099,,4.964,,108.897508333333,2.72895046279207,68.6952976395786,
Malawi,MWI,2005,3.26872602317066,15.4103446604296,-9.52389293471596,,4.935,,118.42,0.539880654549222,60.5239315129805,
Malawi,MWI,2006,4.69999976404691,13.9742943548388,-5.26911371178685,,4.954,,136.0125,1.85481455109522,15.0609514420483,
Malawi,MWI,2007,9.59999987683469,7.9522099086403,-6.47983259735383,,4.876,,139.9575,6.55134655734449,13.513352544671,
Malawi,MWI,2008,7.63973639944591,8.71260186609043,-8.95428978540152,,4.796,,140.521666666667,4.5585561584534,12.8835470023629,
Malawi,MWI,2009,8.3281098524038,8.42204427696655,-6.03374203830182,20.1151721657444,4.732,,141.168333333333,5.17234875360792,12.7820359791394,
Malawi,MWI,2010,6.87406585416142,7.41159092883827,-9.57007930375056,19.2608300381554,4.78,,150.485833333333,3.76961752338009,10.1861815496722,
Malawi,MWI,2011,4.93266999813729,7.6228226284852,-9.75872117783752,18.8455448350087,4.829,,156.515833333333,1.91798932347378,10.522553020403,
Malawi,MWI,2012,1.90000000072909,21.2712650013779,-8.48798044395289,28.4619929057621,4.949,,249.106666666667,-0.983601161818072,15.4152516993896,
Malawi,MWI,2013,5.41034999817167,27.2833333333334,-15.3915920767632,24.9138891722583,4.978,,364.405833333333,2.46076368480048,19.85391823941,
Malawi,MWI,2014,5.62527000105139,23.7920649469687,-12.8223513014995,27.9207565041985,4.967,,424.896666666666,2.70386402914775,19.2215926499317,
Malawi,MWI,2015,2.80000000003355,21.8673475542553,-11.5453760878876,27.3346460465678,4.953,,499.605833333333,0.00792518281976129,19.1396926868478,
Malawi,MWI,2016,2.49999999914311,21.7111132136499,-12.7134008077219,37.8862077338952,5.011,,718.005,-0.256367435160101,23.4326204329779,
Malawi,MWI,2017,4.00000000089172,11.5433939188771,-17.4208707671145,34.2946221230854,5.046,45.3003137160008,730.2725,1.22138049385239,24.7544283085607,20.2873149467203
Mali,MLI,2000,-0.736019992224286,-0.677661659046769,-7.24552346571527,,1.412,44.6657609797786,710.207977031367,-3.58595570324812,101.700451429186,17.6850224015693
Mali,MLI,2001,15.806031742271,5.18701191944068,-7.52403238228264,,1.332,49.3239069918871,732.397693260228,12.37556659827,87.1571308480043,21.2264120612661
Mali,MLI,2002,3.03627540738884,5.03282275711194,-3.21727063108565,,1.36,46.3529227420157,693.713226496374,-0.115608873309398,75.6599431535743,16.6102396151213
Mali,MLI,2003,9.79712256086644,-1.34672619047621,-4.84483163511997,,1.272,46.8915346664544,579.897426172466,6.36163328005934,67.1705706143663,20.4609529653875
Mali,MLI,2004,1.47732490290102,-3.09978128063957,-6.31694830603582,,1.413,44.0120986426998,527.338032291576,-1.75582979330909,47.3115599857406,18.7459932640994
Mali,MLI,2005,2.53837834888921,6.39788293897883,-5.89425017180064,,1.367,44.9124085072514,527.258362649626,-0.765580835079675,40.7500387011475,16.462314211956
Mali,MLI,2006,3.68960265255278,1.54352596927582,-2.66376814254957,,1.395,49.0190773451934,522.425624895176,0.343315236766117,18.4699428985465,21.1808010886194
Mali,MLI,2007,1.76004607852802,1.41200201714577,-5.9996237076332,,1.372,46.8977916237168,478.633718476363,-1.53137745711133,18.3510118579684,18.814710371272
Mali,MLI,2008,3.63871070923719,9.17098813667678,-9.31503755773017,,1.383,53.6430193085481,446.000041432788,0.288268761584348,17.0708601515094,21.5543695860478
Mali,MLI,2009,5.45473562683669,2.46375188572299,-5.40923592964099,,1.406,40.5413815808137,470.293423341398,2.07458358714914,18.0877760438867,22.2671172994776
Mali,MLI,2010,5.57678859793515,1.10892690670186,-9.37082497916749,,1.375,48.8166953656891,494.794262222947,2.20222024826431,19.0859485309254,23.0142230991055
Mali,MLI,2011,2.93537897118415,2.95564395229392,-4.25352174180244,,1.403,43.1814699134793,471.248625718937,-0.338811372741219,19.3256703955007,24.1469415010421
Mali,MLI,2012,-1.07239924147837,5.32312847064058,-1.84284683487062,,1.462,49.4252356224725,510.556338454251,-3.9193056742574,21.2743322221424,20.6933650613648
Mali,MLI,2013,3.29068742053545,-0.606736356351563,-2.38005150095352,,1.517,54.603243985999,493.899623852237,0.317423676450176,22.7159140936048,24.1390637304381
Mali,MLI,2014,6.50263878386326,0.883814547137841,-3.96176216529395,,1.476,51.0786821873053,493.757329875312,3.18909645735663,21.2679303567274,26.6250818543634
Mali,MLI,2015,6.23887890181064,1.45069057605961,-4.47729474332982,,1.404,53.5751760102265,591.21169798261,2.96620762301546,24.5106089686809,24.8949550301917
Mali,MLI,2016,6.00506308559498,-1.79964707083386,-6.06695219310337,,1.367,53.6126193604252,592.605615063022,2.70047363998611,23.5063008450627,27.3161677115008
Mali,MLI,2017,5.37554769647939,1.75985742927165,-6.62494382399692,,1.498,49.4919984941972,580.656749587858,2.06891771151898,24.2588970103253,25.5449834134051
Mauritania,MRT,2000,-3.91802587923293,3.25406745833358,,,10.03,58.9403747670668,23.8923333333333,-6.555624764896,130.744174572824,11.2958008872593
Mauritania,MRT,2001,-0.799493815789347,4.7148963468961,,,10.132,60.7012124604715,25.5629166666667,-3.21840326025114,131.343454662178,12.5085469242344
Mauritania,MRT,2002,1.38148396199058,3.8957052575849,,,10.201,56.7855296001806,27.1739166666667,-0.835751864319576,122.076949146549,9.54379992177407
Mauritania,MRT,2003,6.92826955106302,5.15190150769578,,,9.911,55.3180243332438,26.303,4.50921935163325,109.949676021768,21.4753295588021
Mauritania,MRT,2004,4.7327579245203,10.3676233473073,,,9.77,75.2188046787959,,2.30058501496531,94.7092415459895,35.2538232287992
Mauritania,MRT,2005,8.56628724906668,12.1256487185541,,,9.59,88.2350995596491,26.5528333333333,5.96595707845833,76.0332139319088,48.9053399953357
Mauritania,MRT,2006,18.3331987597713,6.2410332814282,,,9.313,82.7885012130323,26.86,15.4039449751116,40.5726487426479,26.0006568835603
Mauritania,MRT,2007,-1.96942275160761,7.25410841304887,,,9.482,86.0640556779132,25.8586666666667,-4.48587323087267,59.9374823018585,28.1438610238182
Mauritania,MRT,2008,-0.331079195278377,7.34663541249786,,,9.715,94.1202110004251,23.8203333333333,-3.15557607122382,54.9914205126402,33.0199276284352
Mauritania,MRT,2009,0.0978758719728035,2.22092032381779,,,10.214,82.0086176018151,26.2365833333333,-2.9856873273381,65.9176238407268,26.4330171849138
Mauritania,MRT,2010,2.62022952055378,6.28354087427704,,,10.093,93.4207451334608,27.5894166666667,-0.603277353696114,63.9658175195976,32.2510831347375
Mauritania,MRT,2011,4.17278328304418,5.68631959575954,,,9.976,98.485329604158,28.1118333333333,0.84650929364669,56.6317449678541,38.6535658588818
Mauritania,MRT,2012,4.47001318233693,4.90242727217997,-18.2231603717949,,9.864,110.788122743421,29.662,1.11502443614368,65.4300838485043,49.1668225188386
Mauritania,MRT,2013,4.15081318627171,4.12910173783393,-17.4501553307698,,9.926,102.398824183169,30.0681666666667,0.93552130503231,64.3590935844152,47.5574424488877
Mauritania,MRT,2014,4.27482327130284,3.53436856147324,-22.2677332085523,,10.026,91.610371363604,30.2725,1.18070234091525,71.479052914401,41.7967195897633
Mauritania,MRT,2015,5.37633923694936,3.25472688117631,-15.4626331565959,,10.104,77.3467864944966,32.4671666666667,2.25580164145644,83.4140311520752,38.4614769908791
Mauritania,MRT,2016,1.26090922448303,1.47171045650004,-11.0299074414632,,10.287,73.1532616736712,35.2370833333334,-1.7297966805089,80.8665818451545,31.2776418660843
Mauritania,MRT,2017,6.27054569386574,2.25427651934813,-10.4073908755605,,10.336,78.8149801833884,35.7944166666667,3.14237150374205,78.1837937696366,37.8824922383055
Mauritius,MUS,2000,8.20279174865273,4.19928825622807,-0.781626205334806,31.6907550044809,9.125,120.687648773646,26.2495583333333,7.14471594691585,20.5280922368869,25.6366228937284
Mauritius,MUS,2001,3.3475407273143,5.38934426229508,5.90451835820638,29.7941358107018,9.14,128.05457898019,29.1292583333333,2.53426285301911,18.4957213488565,20.4553975656282
Mauritius,MUS,2002,1.61491865862438,6.41933372221149,5.08279804408041,39.288508399984,8.205,118.230470380251,29.962,0.91191021688131,41.5173799356829,21.7589512568517
Mauritius,MUS,2003,5.9254454894774,3.92105357558188,1.58063931123062,44.1430010758192,8.318,108.655579313428,27.901475,5.16167044757967,54.9951685764092,23.3646604962179
Mauritius,MUS,2004,4.33001985464323,4.71037060105883,-1.67663771284404,38.5444032538334,8.337,107.027698267505,27.4985166666667,3.67780930188415,50.0415537025612,24.0688056418522
Mauritius,MUS,2005,1.77754302034465,4.93717004981795,-4.92618819781318,41.1387968950545,9.524,121.608743996836,29.4962333333333,1.17669908705355,55.2910573267692,22.3668917324186
Mauritius,MUS,2006,4.86554460775534,8.91350105650142,-8.46784533621496,37.4486905882301,9.04,124.782280192468,31.7080666666667,4.3775868209086,49.6298608608435,25.1830348660985
Mauritius,MUS,2007,5.76380219453068,8.82729272393294,-5.24235909190976,34.1597928996366,8.475,118.623600490745,31.31365625,5.28311581104207,67.957247823835,25.58545976435
Mauritius,MUS,2008,5.4630565042284,9.73228317146887,-9.63456717189681,33.2417416531616,7.17,113.493057748566,28.4528375,5.08235833519142,64.3286496687504,25.0021689113453
Mauritius,MUS,2009,3.36352090607312,2.51609128145113,-7.06970588594895,36.0212569784289,7.257,102.458365840232,31.9598,3.08941590518148,80.5231261790148,23.4178006085967
Mauritius,MUS,2010,4.39672657214976,2.93236301369857,-9.91425993466699,36.275908664453,7.654,111.508202075575,30.7844,4.14867580867737,79.2577259050381,26.7282315985642
Mauritius,MUS,2011,4.14555262561014,6.52249254869341,-13.3613354439672,35.0358570491021,7.447,115.552473002804,28.70595,3.9789069685684,87.090929977457,23.620010739216
Mauritius,MUS,2012,3.51062090167264,3.85216033315983,-6.99365644865861,36.0040049386744,7.472,117.447639083027,30.0499716666667,3.22396185289575,88.5078216143609,24.0434130852371
Mauritius,MUS,2013,3.39755085220649,3.54329573934839,-6.03377414727121,,7.322,136.552117959236,30.7013583333333,3.14746046384803,98.0701377984213,21.2822749430924
Mauritius,MUS,2014,3.85773905280689,3.21769191994684,-5.21545878552884,,7.467,135.099064765426,30.6216166666667,3.66990365786847,94.8372492709574,18.8434092990307
Mauritius,MUS,2015,3.71766362108832,1.28654970760232,-3.4285246337473,,7.41,133.135069083677,35.0567,3.58042781630353,83.0036301868853,17.2696292161448
Mauritius,MUS,2016,3.88576121076034,0.977675134718965,-3.8514172228531,,6.814,126.310008998042,35.5418833333333,3.81440765602909,80.4577519799629,17.0515093773708
Mauritius,MUS,2017,3.95441730960265,3.66699702675925,-4.40548405285013,55.4162684218654,6.752,126.964059884888,34.4814083333333,3.86072669871569,74.5189348704116,17.4349834928399
Morocco,MAR,2000,2.58218091499747,1.89463456763464,-1.10387975127873,,13.58,53.4403058388785,10.6256361666667,1.11923449171742,49.2500404004641,23.8068463049384
Morocco,MAR,2001,7.72182519577728,0.619801875297975,3.67558331729075,,12.46,53.4915710187871,11.302975,6.22462901700752,43.9098787026744,24.8603718465594
Morocco,MAR,2002,3.73019737485745,2.79561966936936,3.13718804047296,48.4750786200092,11.59,54.31012791421,11.0205833333333,2.33486055707684,39.0742288357434,24.4137992922944
Morocco,MAR,2003,6.17110214953244,1.16773367477592,2.72583245907781,,11.92,52.3318582669923,9.57438333333333,4.79759279351288,32.0645072187951,26.0506060390894
Morocco,MAR,2004,4.57138016516208,1.49344403381774,1.46649924876604,,10.83,55.5516384744536,8.86801666666667,3.20713471239438,26.1403643673371,27.8984050253427
Morocco,MAR,2005,3.19224973015831,0.982641660015951,1.51129572542934,53.6662965686373,11.01,61.4938276863235,8.86500833333334,1.78494971981462,23.8425860115727,27.4168142643006
Morocco,MAR,2006,7.7908200104027,3.28476166954811,1.85973036169923,49.5746100609743,9.67,64.6721977787154,8.79558333333333,6.31205425044466,23.9075059923801,27.9527831008725
Morocco,MAR,2007,3.44106776690418,2.04208512673344,-0.140355839695735,46.3035380770239,9.56,71.3496467796657,8.19233333333333,2.03302704420354,23.9949101161777,30.8038848648652
Morocco,MAR,2008,5.68453936284732,3.71484311494064,-4.4474051229375,41.2851314683307,9.57,77.8344716425602,7.750325,4.24978033517071,20.7266073538964,35.5127958030057
Morocco,MAR,2009,3.74576940136258,0.971862998667636,-4.91456971921294,43.6257434782389,8.96,62.3709560152269,8.0571,2.34392549842086,24.8154251765531,32.1852748633952
Morocco,MAR,2010,3.49955709403216,0.993557401226392,-3.89149487244856,47.0982656739638,9.09,69.541979610144,8.41715833333333,2.07976488720576,27.462969464641,31.4907166374774
Morocco,MAR,2011,5.52464523319847,0.9069249096918,-7.26703537698178,51.2263215704569,8.91,76.8258714906247,8.089875,4.06561020586629,27.6980798517634,32.9462436922694
Morocco,MAR,2012,3.06234368502997,1.28712240079219,-8.95034696939187,,8.99,78.2221018956072,8.62844458333333,1.66384638357194,32.3240509195629,32.1793544302158
Morocco,MAR,2013,4.12221286860944,1.88065466724086,-6.77731894447504,,9.23,73.8577565315318,8.4055039167443,2.7578648778037,34.502888034062,32.0046200923723
Morocco,MAR,2014,2.7192440802029,0.442310053557048,-5.53783287947428,,9.7,71.8935667539398,8.40633668826152,1.43852495314533,37.1250189916679,30.7742542343433
Morocco,MAR,2015,4.34458297635238,1.5579071134626,-1.95690775142638,,9.46,67.2886759253849,9.76434827950111,3.10634719191513,41.0525743321797,30.1771882324678
Morocco,MAR,2016,0.52118550608968,1.63531114327064,-3.74613174513,,9.3,71.1226603816864,9.8074760315025,-0.693616602037565,43.4727961452493,31.9579912798641
Morocco,MAR,2017,5.05789816173446,0.754663249323619,-3.10210665362039,,9.22,74.1733578786573,9.6919978888289,3.78371209116371,44.0032096192297,31.658071451264
Mozambique,MOZ,2000,0.766234955773442,,,,2.832,47.9208808015891,15.22725,-1.43002745719546,115.311593797161,41.1306699228634
Mozambique,MOZ,2001,12.8516820207736,,,,2.838,50.4153095777265,20.7036408333333,10.3674476794306,82.3593635079571,33.5003655629406
Mozambique,MOZ,2002,9.66850534669427,,,,2.902,73.309162757423,23.6779566666667,7.23540386040537,95.2488882213662,40.5930874570462
Mozambique,MOZ,2003,7.21770086569656,,,,2.857,70.1683599479183,23.7822675,4.81743112185357,84.2138255188874,33.4266191606781
Mozambique,MOZ,2004,8.20470494788577,,,,2.953,72.0520001612374,22.5813425,5.76229495896818,77.1132943367781,28.5978286726962
Mozambique,MOZ,2005,6.31202378023193,6.42755278070087,-8.57633327947647,,3.035,72.0092609780982,23.060965,3.88124108732595,71.9042905615671,25.3698573633999
Mozambique,MOZ,2006,9.91067756782915,13.2450879070999,-7.94365295252279,,3.037,67.3498976872689,25.4007791666667,7.35938789849386,55.4358017815768,23.9349486697295
Mozambique,MOZ,2007,7.64935393795867,8.48948675497455,-7.27188482122912,,3.082,66.1203821840516,25.8403414502164,5.11813481404295,55.588850001753,22.3504915090903
Mozambique,MOZ,2008,6.87802942560995,14.5028053002268,-8.87904477952139,,3.112,64.981416499828,24.3006424728653,4.27502296305138,51.8563287675779,22.0302459322751
Mozambique,MOZ,2009,5.92897187460815,3.78861330914625,-9.99835364421764,,3.207,67.898572768141,27.518299963925,3.21964861492762,66.0208044837913,19.7560524022268
Mozambique,MOZ,2010,6.67972935662864,12.4255421735156,-14.7165826342636,,3.259,73.8373532681892,33.9600988006908,3.86194568743883,101.617142296998,23.195521262122
Mozambique,MOZ,2011,7.13405842300445,11.1666056127874,-22.7703546509241,,3.295,84.4062119333019,29.0675999319775,4.19033881987379,93.7558362929531,29.4060839527514
Mozambique,MOZ,2012,7.9945031610722,2.60245456956618,-40.6875061700663,,3.304,105.934588060511,28.3729844798921,4.93805479095479,119.124597767191,50.5904295928331
Mozambique,MOZ,2013,6.57141389665537,4.26135250941963,-36.3613191591472,,3.345,109.38537659913,30.1041110929498,3.53500457192386,169.070905618775,56.3958108944659
Mozambique,MOZ,2014,7.70256844839309,2.55974875844295,-32.2453333565598,,3.377,116.356855242217,31.3526877009443,4.62514159794316,194.508168334933,53.6431747577994
Mozambique,MOZ,2015,7.3930936986377,3.55075967356746,-36.6947715334654,,3.426,98.7612036510901,39.9824741465406,4.32231286612486,241.615881289574,42.245787501845
Mozambique,MOZ,2016,4.69699024225795,17.4180418197597,-33.6916062672095,92.242445572337,3.65,110.394358201481,63.0562327310371,1.67319789859388,366.763623134235,46.2803958702032
Mozambique,MOZ,2017,2.63820737310658,15.1132073899384,-17.9387522356553,78.5046092527536,3.935,105.745640702087,63.584322913399,-0.38371430909207,362.951495919371,32.2043068430655
Namibia,NAM,2000,3.49218336365178,,4.88302195508905,,20.3,,6.93982833333333,1.08624861082079,,17.0414659698036
Namibia,NAM,2001,1.17794869467917,,0.296284143221954,,21.009,,8.60918083333334,-0.914261311645021,,22.2525424516009
Namibia,NAM,2002,4.7886612188211,,2.56344598181965,,21.538,,10.5407466666667,2.96331356534192,,18.5884486772501
Namibia,NAM,2003,4.23979429582137,7.1361531145863,5.39320601443692,,22.104,,7.56474916666667,2.74512795300122,,19.3882824399724
Namibia,NAM,2004,12.2695481036769,4.13663213144748,6.75263572812588,,22.09,,6.4596925,10.8464095671906,,19.0604614572453
Namibia,NAM,2005,2.52926265819022,2.28194607024307,4.54506155040309,,22.108,,6.37711666666667,1.25193634526472,,19.669813393528
Namibia,NAM,2006,7.07317531845825,4.96116689298916,13.5327560610168,,21.848,,6.76715,5.71286099626298,,22.2120214706566
Namibia,NAM,2007,5.37404415167634,6.54788141101717,8.45998885353951,117.515261124236,22.12,,7.05439166666666,3.97963640998429,,24.0613337128992
Namibia,NAM,2008,2.64981203780268,9.0946430719281,-0.107055208867992,1.10133141237365,22.005,,8.25174166666667,1.22288329166788,,27.4739234636227
Namibia,NAM,2009,0.295970914001089,9.45172651521705,-3.54487581295613,0.277603198530483,22.271,,8.52281983333333,-1.16873879710282,,26.1159251664954
Namibia,NAM,2010,6.03924947955858,4.8749198764395,-3.92244710726353,1.60694919254531,22.12,,7.33025,4.40996877603639,,23.7799989593426
Namibia,NAM,2011,5.09133813864338,5.005595180812,-6.84779731737787,7.45061506273455,19.481,,7.300025,3.30348908465837,,22.0540088688971
Namibia,NAM,2012,5.0616820696264,6.72199777334886,-8.58334513038746,-1.17072566818484,16.771,,8.19377083333334,2.74809367129893,,26.7226689596707
Namibia,NAM,2013,5.61471962254485,5.60092502290401,-8.23764757879193,2.57186406129022,19.028,,9.750075,2.90208375663774,,29.3954197576571
Namibia,NAM,2014,6.09251915977956,5.35016966859602,-9.42886877840743,,18.521,,10.8428875,3.35635017944713,,34.7765509650404
Namibia,NAM,2015,4.26417453763675,3.39401538410559,-13.7578944670231,4.6675823557404,20.791,,12.8819208333333,1.53445826192009,,30.5564396891943
Namibia,NAM,2016,0.0337944502063294,6.72858234593338,-16.4970881327639,,23.352,,14.7087666666667,-2.62833210419717,,22.0299428254904
Namibia,NAM,2017,-1.02724808856709,6.14579981111164,-4.42059051747783,,21.748,,13.3129,-3.69773452685817,,17.7664956160323
Niger,NER,2000,-1.20847774100575,2.90014973599108,-4.65677330266078,,1.427,,710.207977031367,-4.57504226731116,73.6636960994648,13.1422096449305
Niger,NER,2001,7.26813490213235,4.00551428352678,-3.77103577195078,,1.47,,732.397693260228,3.56959177749576,63.7522715663708,13.7924282479468
Niger,NER,2002,4.91847057594622,2.62886597938136,-5.95095241784041,,1.808,,693.713226496374,1.27795509678579,63.2241164578283,14.6260219197075
Niger,NER,2003,2.1706103837418,-1.61440769175596,-6.45750654841098,,2.145,,579.897426172466,-1.40492633289823,60.4660124139929,13.930300225432
Niger,NER,2004,0.363801578722132,0.262543757292838,-6.15019981758,,2.751,,527.338032291576,-3.18333778722413,49.4870221697257,12.4971525069023
Niger,NER,2005,7.33186884258517,7.7974978178644,-7.10956498131609,,3.1,,527.258362649626,3.50589535528762,42.1240585306703,19.3354300345284
Niger,NER,2006,5.93104997350342,0.0404858299595074,-6.60182023558473,,2.528,,522.425624895176,2.12703436992842,15.0560974130624,19.8084879016599
Niger,NER,2007,3.14272408386731,0.0539592607581562,-6.13680984428319,,2.021,,478.633718476363,-0.585038841788489,17.9746825164839,18.9137733233404
Niger,NER,2008,7.73141422777337,11.3051098827019,-8.96292471931382,,1.584,,446.000041432788,3.81608288917157,12.3261794013539,26.4435525343116
Niger,NER,2009,1.96260090694645,0.582906590801122,-18.0270234730354,,1.208,,470.293423341398,-1.75785643451498,16.1010872675788,28.4722719649335
Niger,NER,2010,8.57816674262253,0.804073080882659,-14.4829041887519,,0.718,,494.794262222947,4.60766589552573,18.5156916420841,32.6404605165102
Niger,NER,2011,2.35775693603874,2.9423851401332,-16.3335422488129,,0.316,,471.248625718937,-1.38136228282855,23.7262671614508,31.613128828242
Niger,NER,2012,10.5489445763446,0.455089820359289,-10.8373796125038,,2.177,,510.556338454251,6.45537638540985,18.3017222078689,29.3142436915252
Niger,NER,2013,5.31513063394726,2.29723114955317,-11.2529264462121,,1.401,,493.899623852237,1.43045373805732,18.6548282769277,29.7124814690798
Niger,NER,2014,6.64213665495603,-0.930287259984466,-12.0310951996372,,0.524,,493.757329875312,2.77949866185601,17.6428952553323,31.1100819925506
Niger,NER,2015,4.39264883207291,-0.576090369833189,-15.3473430526612,,0.556,,591.21169798261,0.604320140159473,21.9307650945134,32.3568228692158
Niger,NER,2016,4.28137558478143,1.65388922387806,-11.4269122456101,,0.55,,592.605615063022,0.519341979477275,23.3974451516055,29.7613155605302
Niger,NER,2017,5.53198531271451,2.79637318871284,-11.2187529586869,,0.556,,580.656749587858,1.84106184580625,26.1671298879706,29.3238973638956
Nigeria,NGA,2000,5.01593475936546,6.9332921556516,10.7371768862311,,3.953,,,2.24461411115027,,
Nigeria,NGA,2001,5.91768464924425,18.8736462093863,3.36845503733352,,3.9,,,3.07926731848384,,
Nigeria,NGA,2002,15.3291557409618,12.8765792031099,1.13946817426015,,3.669,,,12.2103862832256,,
Nigeria,NGA,2003,7.34719496793299,14.0317836131437,3.23719691054246,,3.637,,,4.42833467510151,,
Nigeria,NGA,2004,9.25055822923169,14.9980338183251,12.4042052774237,,3.59,,,6.26527336884554,,
Nigeria,NGA,2005,6.43851652535925,17.8634933661605,20.7940448372853,,3.727,,,3.53183710665684,,
Nigeria,NGA,2006,6.05942803202491,8.22743678120907,15.3142425877273,,3.749,,,3.17092810336581,,
Nigeria,NGA,2007,6.59113036066867,5.38610421570143,9.93609280353567,,3.794,,,3.67720698169809,,
Nigeria,NGA,2008,6.76447277784263,11.583054796681,8.58534493307948,,3.792,,,3.83258898513756,6.29589733867469,
Nigeria,NGA,2009,8.03692510100366,12.5379242951095,4.70138235015375,,3.763,,,5.06718321394524,8.11168567712412,
Nigeria,NGA,2010,8.00565591623166,13.7400521363694,3.57264829109626,,3.744,,,5.02853779304908,8.39261604734311,
Nigeria,NGA,2011,5.30792420293915,10.8261371880018,2.57400123356655,,3.77,,,2.39734841627433,8.71768198369707,
Nigeria,NGA,2012,4.23006117492493,12.2242413020582,3.74468964478931,,3.761,,,1.37822146586619,8.89341234144098,
Nigeria,NGA,2013,6.67133539308232,8.49551838265678,3.66244030371785,,3.711,,,3.81449207687274,8.61753445373024,
Nigeria,NGA,2014,6.30971865521856,8.04741087967907,0.157882534299197,,3.9,,,3.53757268114983,8.40912650109517,
Nigeria,NGA,2015,2.65269329541779,9.00943498007706,-3.13140101186134,,4.134,,,0.0819795778135273,9.37394526748953,
Nigeria,NGA,2016,-1.61686894903467,15.6968126387972,1.25472098152786,,4.499,,,-4.01892534265532,10.978230289557,
Nigeria,NGA,2017,0.805886619091581,16.5022662139641,3.60982550121524,,4.83,,,-1.61585537269663,17.7307590012602,
Rwanda,RWA,2000,8.37089593573039,3.89952980284712,,,11.699,31.3192321274779,389.696216666666,7.49987106605703,62.8083274081077,33.724326157962
Rwanda,RWA,2001,8.48456034086699,3.34285506749409,,,11.732,33.1583013228126,442.991891666667,7.52679928636239,66.8192915128563,35.4516918194555
Rwanda,RWA,2002,13.1920736288433,1.99258542453993,,,11.432,31.3172752974708,475.365241666667,11.6682445158491,74.5796747820985,34.494788613033
Rwanda,RWA,2003,2.2023875095978,7.44970014007366,,,11.658,32.8189983492155,537.65498475,-0.01968684645189,73.7799048364944,35.407627263228
Rwanda,RWA,2004,7.44766737037035,12.2507102894391,,,11.699,37.0316755294291,577.448974583333,4.6451189054665,71.3065386396469,41.1571318205586
Rwanda,RWA,2005,9.37789916585375,9.01408918092339,,,11.842,38.0262688816851,557.82264075,6.50669742178307,52.5165794251024,42.5281950333956
Rwanda,RWA,2006,9.22707576994632,8.88282654777923,,,11.586,33.6578390444203,551.710333333334,6.3526672933591,13.1771072556272,15.223529173052
Rwanda,RWA,2007,7.63329819042882,9.08072205873158,,,11.58,36.4479761431748,546.955,4.8079099260856,15.2769186821418,16.9726530604297
Rwanda,RWA,2008,11.161247324054,15.4382138709255,,,11.517,37.9969638376772,546.848653166667,8.27757420172229,18.062177264619,21.6054164678522
Rwanda,RWA,2009,6.24825750704265,12.9443978401712,,,11.625,37.2137499920385,568.281326833334,3.54291916890999,19.5357885566749,21.2919177169638
Rwanda,RWA,2010,7.33465645016436,-0.246128693436934,-6.59491458452678,,11.637,37.7415245466166,583.130906583333,4.65979796374585,20.3065120591755,20.7975067696821
Rwanda,RWA,2011,7.95838869909085,3.0801706924026,-7.01210099491847,,11.756,40.1597511764349,600.30651975,5.34277697360722,21.393893240066,21.132844673941
Rwanda,RWA,2012,8.64150815708138,10.2710182318876,-9.80611353197011,,11.671,41.081185425557,614.295142416667,6.07172678404915,24.0267798798109,23.6103719068749
Rwanda,RWA,2013,4.71984856950924,5.92426867984854,-7.5847109694642,,11.768,43.260980041775,646.6359745,2.23301483077023,30.1055329314487,24.737742989597
Rwanda,RWA,2014,5.66845354233575,2.35449052820358,-11.4959567599592,,11.837,44.4828257252622,682.4377953875,3.1448435210128,36.1466647538998,23.5391290102077
Rwanda,RWA,2015,8.87036752872743,2.52850284192421,-12.8289720052254,,11.831,45.7348675761767,719.8595555,6.29578461833474,41.1859009324245,24.5202040834518
Rwanda,RWA,2016,5.65874584202778,7.17434301982009,-15.4804167816287,,11.788,50.08973657056,787.25152175,3.18409626680049,51.0672797854825,26.1973754984079
Rwanda,RWA,2017,4.70393439751061,8.27953672260832,-9.5518296297394,,11.875,54.2079656602139,831.55433975,2.27661189208408,56.6439342203484,24.0924291823173
Sao Tome and Principe,STP,2000,0.448368261692949,12.2089456308977,-26.3530521883155,,14.4,,7.97817166666666,-0.65084592250922,435.838780405848,
Sao Tome and Principe,STP,2001,3.06448295788719,9.22203707560889,-35.5295840568537,,15.73,,8.84210916666667,1.4048895414449,423.553906874119,
Sao Tome and Principe,STP,2002,3.360188168222,10.128724672229,-31.2249951011705,,17.63,,9.088325,0.9147926463327,407.495433686755,
Sao Tome and Principe,STP,2003,8.29151946119818,9.79241974934509,-27.7539600682048,,16.36,,9.34758333333333,5.55138791437551,341.434557477637,
Sao Tome and Principe,STP,2004,3.5379059435684,13.2858860871796,-32.3272461423146,,16.12,,9.90232416666667,0.983351604603726,319.373824119824,
Sao Tome and Principe,STP,2005,6.61462475033599,17.1522049354354,-26.5288051595619,,16.47,,10.5579703333333,4.01981821374629,248.838847943874,
Sao Tome and Principe,STP,2006,8.86610935944026,23.0770373451381,-40.3849806309735,,16.65,,12.4486425,6.23775372046612,238.810364716511,
Sao Tome and Principe,STP,2007,3.64147185166024,18.5485136325779,-43.1433732431771,,16.021,,13.536755,1.16067244882319,105.995795781593,
Sao Tome and Principe,STP,2008,6.2287850696102,31.9901039492573,-49.7318439586792,,15.421,72.8032735325871,14.6952016666667,3.72699030635786,68.3025122410081,18.7857875236744
Sao Tome and Principe,STP,2009,3.30239966645061,16.9574758025945,-39.2591791041684,,15.136,71.0282157639862,16.2084512541667,0.944228915067228,76.6758226503177,21.3371255943894
Sao Tome and Principe,STP,2010,1.44845522890635,13.34005235378,-46.0873607998782,,14.628,84.6502605115304,18.498601323751,-0.755150615358019,93.7169816477426,25.7158326122362
Sao Tome and Principe,STP,2011,1.99943210333259,14.3271667616801,-46.7031436146435,,14.229,86.1122609020117,17.6229350058197,-0.114189921572034,95.7217902401045,22.4489867997261
Sao Tome and Principe,STP,2012,2.94294277416023,10.6379353431628,-43.1048517269594,,13.59,83.2030197079574,19.0684168084153,0.883420959148197,84.6264382872933,16.5558937115758
Sao Tome and Principe,STP,2013,5.11967735428513,8.10583270875476,-30.4299465368537,,12.476,83.4581625069125,18.4499526248781,3.10107564312558,76.366141111182,17.1080459100707
Sao Tome and Principe,STP,2014,4.90621048664867,6.99849943966421,-35.4587784381715,,11.428,114.769955102294,18.4664030495763,2.97674276212585,68.4888000658699,16.2190837351036
Sao Tome and Principe,STP,2015,1.5397042826735,5.24587835022454,-26.4207009685278,,10.591,112.659579338965,22.0906445602113,-0.246825905363622,89.0041060347429,14.5502307918632
Sao Tome and Principe,STP,2016,5.17682468684113,5.43051966119156,-21.0403152023302,,9.684,100.395470605091,22.1488606347838,3.42223386315462,81.6349841295116,13.1023402352826
Sao Tome and Principe,STP,2017,4.11297966281954,5.6902961992902,-22.7156290253769,,8.808,92.8973617603292,21.7411383607116,2.46252459071385,84.7322641724861,15.303904220694
Senegal,SEN,2000,3.88721095816793,0.731981981981597,-5.54079842355364,,2.638,48.680089723263,710.207977031367,1.41335705319622,61.6894599199723,22.3732272873417
Senegal,SEN,2001,4.31085146618369,2.97450083919566,-3.77513794796373,,2.674,49.7205780648314,732.397693260228,1.81176865944212,57.5583406613325,25.5702135059709
Senegal,SEN,2002,0.0686965747419066,2.33730187454299,-4.54340089477443,,2.82,53.1442994641329,693.713226496374,-2.35286664944574,59.6555296080874,23.1150021289388
Senegal,SEN,2003,5.59395094456143,-0.0519970242714495,-4.98969389328598,,2.781,50.8212198933376,579.897426172466,3.08280432027999,50.6996951289096,23.9262712508604
Senegal,SEN,2004,4.64329393683312,0.514781781023016,-5.07447589904161,,2.775,53.6592031275529,527.338032291576,2.21660237161285,39.4451250767248,23.6336696840746
Senegal,SEN,2005,4.31023852639633,1.71133325855502,-6.14150322696352,,2.679,54.9032435689485,527.258362649626,1.8985497213755,35.3571549771426,24.5728792485602
Senegal,SEN,2006,2.33077098330239,2.11228583877117,-7.36865431598262,,2.755,54.1362378092613,522.425624895176,-0.0239030984175912,16.6357009657853,22.4168252607608
Senegal,SEN,2007,2.82711920133374,5.85330428467681,-9.37907093301321,,2.8,59.2713043549794,478.633718476363,0.466183194352098,18.5671650352138,24.6184148818474
Senegal,SEN,2008,3.70316906391386,7.34720236578406,-11.2220760727631,,2.816,62.7617698176319,446.000041432788,1.30518111750766,16.9572554560833,26.2267083321653
Senegal,SEN,2009,2.75210448455053,-2.2480214785534,-5.30915741099426,,2.807,52.3072908773365,470.293423341398,0.349911484355829,23.2840831819046,20.3974883741685
Senegal,SEN,2010,3.39088925336209,1.22868119673344,-3.65650876220736,,2.795,52.4578551962948,494.794262222947,0.952269607225944,29.1069276963651,20.0869466642817
Senegal,SEN,2011,1.33409107961258,3.40322829786971,-6.44529936745543,,2.853,57.5768785989578,471.248625718937,-1.19544188286081,33.0931855562814,21.0003400122128
Senegal,SEN,2012,4.00299555090457,1.41822871177854,-8.65191854670286,,3.896,61.9753040040375,510.556338454251,1.2557464643975,40.9303592307614,24.6240972538796
Senegal,SEN,2013,2.41238527605579,0.710245486695176,-8.19227245767782,,5.012,60.6267663596737,493.899623852237,-0.578035528287558,43.9606094091967,24.0663485140699
Senegal,SEN,2014,6.22407443790986,-1.09025507446895,-6.80294523804886,,5.849,58.4425289760992,493.757329875312,2.91207940579723,55.4082525783348,25.8807867671935
Senegal,SEN,2015,6.36704365066983,0.135211933635165,-5.31619475400192,,6.757,58.1103376742017,591.21169798261,3.15103873013858,60.4794401983364,25.8333087504104
Senegal,SEN,2016,6.35606857208136,0.837284942557434,-4.178756111634,,4.455,54.1081692072139,592.605615063022,3.23503572418973,61.7783390785996,25.3616730282266
Senegal,SEN,2017,7.40748618589598,1.31815314847789,-7.28006040709529,,4.078,57.8165678119905,580.656749587858,4.3502357297959,69.7334917042792,29.7767900729772
Seychelles,SYC,2000,4.25319834931828,6.26876876876878,-6.56104546972391,,,151.302447835167,5.71381666666667,3.32671456371403,,24.9183939465335
Seychelles,SYC,2001,-2.27116288552982,5.96962204168156,-23.1184684109926,,,179.884914877473,5.85754166666667,-2.35661333545873,,40.395100282651
Seychelles,SYC,2002,1.21283290259314,0.174999999999924,-13.645650344015,,,156.9298895573,5.48003333333333,-1.83480695440478,,27.588134558915
Seychelles,SYC,2003,-5.88712848764477,3.30255386407089,-1.2468218160317,,,168.844235034216,5.40071666666667,-4.81617833042706,,10.9629831806923
Seychelles,SYC,2004,-2.8504539768538,3.85730391367399,-6.75447656002783,,,149.54093675029,5.5,-2.49000825290008,,17.4160642655973
Seychelles,SYC,2005,9.0057617374238,0.907187718073944,-17.8003425507563,,,171.101735954764,5.5,8.5018972132326,,23.8691409523337
Seychelles,SYC,2006,9.40612855732827,-0.353465498693756,-12.369358165591,,,177.56693551462,5.51969166666667,7.15334515370103,,30.3222238580205
Seychelles,SYC,2007,8.87606645570879,5.32060027285142,-18.0086154122812,,,174.928462798259,6.7010595376306,8.32165420663699,,29.2244294345938
Seychelles,SYC,2008,-2.72594626154864,36.9647582875289,-26.8423661578652,174.684386535722,,208.842968505327,9.45724328344921,-4.87712623002744,,27.643033995501
Seychelles,SYC,2009,-2.47937594726137,31.7544407744178,-22.2660045596963,,,221.933825358009,13.60994045249,-2.86142425794473,,28.0272254229443
Seychelles,SYC,2010,4.50513204312067,-2.40463875108227,-21.8405252938197,,,198.162692424328,12.06775664095,1.62737013590673,,37.0314238165867
Seychelles,SYC,2011,9.5097833517957,2.55926772230953,-28.452136390485,,,210.075382747992,12.3810319073844,12.4265876590009,,34.816249355555
Seychelles,SYC,2012,3.1106784939243,7.11037062326403,-14.8074270420075,,,222.178254853141,13.7040312149325,2.10412826503328,,37.7299203495349
Seychelles,SYC,2013,1.25373496242949,4.33893848329099,-11.897242811547,,,196.517733268793,12.0583166666667,-0.599133304568028,,38.5669057079413
Seychelles,SYC,2014,4.0636918123521,1.38583454581263,-22.3701856914691,,,213.354469426486,12.7470333333333,2.45761243916046,,29.0548988749451
Seychelles,SYC,2015,8.9140088750469,4.04194410725617,-17.8847188907867,,,187.475012467679,13.313925,6.51232550996488,,26.8795153716518
Seychelles,SYC,2016,12.1175272453913,-1.01548191697626,-2.61384777681389,,,180.866188390939,13.3191166666667,10.6277900412689,,25.1347394249892
Seychelles,SYC,2017,6.95416218794271,2.85679575568437,-2.20368065340164,,,197.442236417869,13.6478416666667,5.65298679577909,,24.5351766928824
Sierra Leone,SLE,2000,6.65273028404766,,-17.658489136383,,4.137,57.5299628959222,2.092125,4.10749847441832,202.626337201351,1.09681037230364
Sierra Leone,SLE,2001,-6.34545563328469,,-5.82077902002,,4.235,35.9381586081315,1.98615416666667,-11.7160994484665,75.6757135902494,10.9930810148955
Sierra Leone,SLE,2002,26.5241350674409,,-3.78669132902158,,3.909,38.9169111968846,2.09903386575,19.430674044243,73.0558804541651,11.8061528715886
Sierra Leone,SLE,2003,9.48363126885343,,-3.86532771869266,,3.879,46.4464363702625,2.34794166666667,5.12237538056517,74.7733332700498,11.3298833061018
Sierra Leone,SLE,2004,6.47884588417347,,-4.42616819447044,,3.42,46.1719991766037,2.70129666666667,2.93937041660126,81.8635060122218,10.4298347150006
Sierra Leone,SLE,2005,4.3534998069981,,-4.12285133599244,,3.734,47.547983989225,2.8895875,1.58434555022808,75.249561515338,11.4096079062413
Sierra Leone,SLE,2006,4.28311062264335,,-2.91139372809153,,3.89,22.0888664739674,2.96190916666667,2.0071311854182,54.6815421542596,10.5468598425727
Sierra Leone,SLE,2007,3.74975804751641,11.6499744518106,-4.40780618552027,,4.022,21.8067992689239,2.98518583333333,1.49613150255581,18.273620722402,10.1591673004271
Sierra Leone,SLE,2008,3.68605969932123,8.21112432289608,-5.42208122544719,,4.132,21.2566155636984,2.981515,1.12905319443597,17.5440453021133,10.3794057886037
Sierra Leone,SLE,2009,1.53080323958716,7.46901898540982,-8.27097097515225,,4.268,23.0753395976546,3.38565,-1.1672975048301,22.6433092732854,11.2088615902087
Sierra Leone,SLE,2010,6.35566595800495,7.18566275668163,-13.7303367162603,,4.34,27.9541259241389,3.97808666666667,3.5002192188053,22.0976274453058,34.433555789299
Sierra Leone,SLE,2011,8.10065518714917,6.79138291952621,-39.3593386346764,,4.388,43.7807969332619,4.34916166666667,5.31595837430623,22.6211203104743,46.5454157294241
Sierra Leone,SLE,2012,10.578331663387,6.58776239392585,-19.7049574950917,,4.378,53.3813447139398,4.34403666666667,7.81299564274897,22.4038471121465,29.4098051807138
Sierra Leone,SLE,2013,14.6633238075229,5.52412877994266,-9.824320657344,,4.376,53.3627646114117,4.33250083333334,11.8800866018127,19.807672602076,17.6517899195356
Sierra Leone,SLE,2014,-7.81501512457241,4.63931171409667,-6.1504170840874,,4.678,51.1187772788807,4.52415916666667,-9.99126868436694,19.6194520524364,15.982290990834
Sierra Leone,SLE,2015,-4.36333262093788,6.68943562498681,-14.7764569204395,,4.483,36.4823958242319,5.0807475,-6.55487587621558,23.3391838239619,18.0613249475414
Sierra Leone,SLE,2016,6.43743652764257,10.8860609413903,-4.83009013015939,,4.182,43.0672126969961,6.29029741495228,3.96056326178993,27.1271641031085,17.6618966541204
Sierra Leone,SLE,2017,3.20786087715987,18.2215094003386,-11.8197447773241,,3.656,41.5213782343591,7.38443222248692,0.774679247758442,31.7565767199893,19.1399846347627
Somalia,SOM,2000,7.11031431133236,,,,18.678,,,2.9094517086796,74.3277137258373,
Somalia,SOM,2001,7.1103143114324,,,,18.665,,,2.92091623470753,112.330559979701,
Somalia,SOM,2002,7.63026729331047,,,,18.658,,,3.66803447114906,121.400373915172,
Somalia,SOM,2003,7.63026729332455,,,,18.648,,,3.72989683765117,99.2907282879702,
Somalia,SOM,2004,7.11031431125608,,,,18.653,,,3.23637071319179,73.230241968413,
Somalia,SOM,2005,7.1103143113146,,,,18.671,,,3.4552179090862,58.0120504832482,
Somalia,SOM,2006,6.48637073273908,,,,18.705,,,3.27228849958769,55.7938752945596,
Somalia,SOM,2007,6.69435192552552,,,,18.687,,,3.42376614691855,53.5622339659984,
Somalia,SOM,2008,6.69435192582009,,,,18.714,,,3.57942621496645,49.068843225582,
Somalia,SOM,2009,6.69435192556188,,,,18.724,,31558.9054783951,4.0351373439331,100.949078354276,
Somalia,SOM,2010,6.69435192550543,,,,18.741,,31269.6625712251,4.07910489702353,110.242347630463,
Somalia,SOM,2011,6.69435192567755,,,,18.761,,29966.8354404084,5.94202931701129,102.033543095271,
Somalia,SOM,2012,6.69435192556698,,,,18.771,88.5736460782288,22516.0002967711,5.73256533813861,67.3687213629642,15.7360330751388
Somalia,SOM,2013,10.9592986164311,,,,18.655,83.3409991258378,19283.7999504521,7.43785495852676,58.417132359056,14.3695600150118
Somalia,SOM,2014,8.97800590574617,,,,18.595,81.7010414559322,20230.9291310541,5.13914593417061,49.7936798453941,13.4104063533751
Somalia,SOM,2015,10.4621881235147,,,,18.495,76.4793322385239,22254.2356837607,6.72219258601123,45.2495379770867,13.1480812127699
Somalia,SOM,2016,7.03487260042162,,,,18.611,74.3615625516249,23061.7843138651,2.99347020740043,41.6905357744833,12.8456368959279
Somalia,SOM,2017,14.7357956045195,,,,18.455,68.6756490932841,23097.9873219373,10.3677043802854,37.4050831874032,13.8251070470324
South Africa,ZAF,2000,4.20000000067826,5.33895913599828,-0.125570459653347,39.6390583837328,22.788,46.2207217354077,6.93982833333333,3.25127058182207,17.9488438094943,15.0602810875446
South Africa,ZAF,2001,2.70000000019104,5.70189483049608,0.253001084795547,,22.652,49.170945185829,8.60918083333334,1.82108406092082,19.5001299531834,14.5737803066035
South Africa,ZAF,2002,3.70037440406668,9.494713780996,0.781937464700479,,22.579,53.4655016294369,10.5407466666667,2.72292924025332,27.7913348185499,15.036119660525
South Africa,ZAF,2003,2.94907546754213,5.67942414068799,-0.782449992267883,,22.679,45.723862568979,7.56474916666667,1.92822490144245,20.8478699394955,15.6571145272722
South Africa,ZAF,2004,4.55455990721774,-0.692039437857687,-2.50726120703613,,22.567,45.6435752240041,6.4596925,3.50654128784933,17.5007436072345,16.9603513170499
South Africa,ZAF,2005,5.27705197295467,2.06285308223427,-2.7747758989594,,22.472,47.4277813970329,6.35932833333333,4.21638584977106,15.8826881733744,16.8318153447643
South Africa,ZAF,2006,5.60380645895889,3.2439076541923,-4.00012427594728,,22.304,53.7681412741145,6.77154916666667,4.53031944639788,19.3982301233549,18.4902026867601
South Africa,ZAF,2007,5.36047405394162,6.17781214809388,-4.86189160706926,,22.26,57.125139137747,7.045365,4.25469604690063,22.5208680963182,19.3259650755187
South Africa,ZAF,2008,3.1910438863288,9.90998456005467,-5.1861810846768,,22.407,65.9745237996233,8.26122333333333,2.00798658438173,24.1807678702619,21.2872491181391
South Africa,ZAF,2009,-1.53808913525583,7.23809523809527,-2.38458187361532,,23.523,49.5875353278801,8.47367415824888,-2.70664075062311,26.1150557499132,18.7669441984248
South Africa,ZAF,2010,3.03973288127956,4.06749555950263,-1.29901805615596,,24.683,50.4060871625999,7.32122196115288,1.82804672464107,28.1821106821805,17.5956446037105
South Africa,ZAF,2011,3.16855627858818,5.0008533879502,-2.01967628513274,,24.639,54.6363504358971,7.26113213232735,1.90092049729387,27.7434703939165,18.8532376550132
South Africa,ZAF,2012,2.39623238465745,5.73797139141739,-4.68373643403848,,24.727,55.5826171933345,8.20996862659332,0.897179683754416,34.9384853404741,18.5845354435045
South Africa,ZAF,2013,2.48546800826588,5.78016910069176,-5.33837274756911,,24.561,58.875027630051,9.65505606913526,0.805658809846705,36.2098641892608,19.1687625943111
South Africa,ZAF,2014,1.41382645223793,6.13282953059149,-4.81243259488482,,24.89,59.4995740550593,10.8526555687831,-0.257188966137676,40.169798601073,18.4879638168327
South Africa,ZAF,2015,1.32186223678229,4.51869094892506,-4.31028688643789,52.6511572360833,25.149,56.7266761447156,12.7589308811644,-0.694265293924985,37.711086621978,18.6332066638376
South Africa,ZAF,2016,0.664552307858116,6.60290842394872,-2.63361451678797,53.7387913884354,26.536,55.8612575048782,14.7096108855267,-0.277781475736276,45.6902115131597,16.9604522948246
South Africa,ZAF,2017,1.15794695181735,5.18618655524149,-2.37436753188649,56.2597208390879,27.035,53.5359318293741,13.3238014244992,0.49869596172698,47.1927189929926,16.6107340612402
South Sudan,SSD,2000,,,,,12.309,,,,,
South Sudan,SSD,2001,,,,,12.278,,,,,
South Sudan,SSD,2002,,,,,12.235,,,,,
South Sudan,SSD,2003,,,,,12.234,,,,,
South Sudan,SSD,2004,,,,,12.256,,,,,
South Sudan,SSD,2005,,,,,12.266,,,,,
South Sudan,SSD,2006,,,,,12.268,,,,,
South Sudan,SSD,2007,,,,,12.266,,,,,
South Sudan,SSD,2008,,,,,12.298,97.2662973183488,,,,13.7699875260258
South Sudan,SSD,2009,5.04164187983342,5.00627361534047,,,12.438,94.8357640879963,,0.201710077462366,,13.6521309804579
South Sudan,SSD,2010,5.49341639529945,1.16962180301108,,,12.473,90.9434483661131,,0.0553052206663267,,10.2896550768433
South Sudan,SSD,2011,-4.64031673600859,46.8521757193597,,,12.585,93.226859754919,2.98895,-9.66551859182802,,9.48877706805626
South Sudan,SSD,2012,-46.0821223743007,45.5258978371706,,,12.803,71.6198113947489,2.95,-48.4287258315307,,7.0742528372385
South Sudan,SSD,2013,13.1297311406943,-0.0580909784225664,,,12.665,50.8112465907463,2.95,8.97551236063792,,11.3677738263753
South Sudan,SSD,2014,3.37364847715736,1.6742990629552,-5.65945565697319,,12.561,64.6345178070809,2.95,2.7406396602203,,7.9945088302124
South Sudan,SSD,2015,-10.7933646271143,52.7663304192143,-4.169014055128,,12.464,65.5513491845003,3.60416666666667,-9.76929494253935,,5.75075637151052
South Sudan,SSD,2016,,379.999585624026,-5.76700049530002,,12.854,,46.7291666666667,,,
South Sudan,SSD,2017,,187.851630279442,8.30684638743949,,12.983,,113.6475,,,
Sudan,SDN,2000,6.34586743997545,7.12125897172291,-4.22360581869545,,15.595,29.4042344599492,,3.37132975440942,138.285856256582,24.8880308630392
Sudan,SDN,2001,6.50036053396883,1.93529572095333,-3.32074310136626,,15.56,20.2933456223411,,3.51515858633522,99.3410219764896,20.5310077647122
Sudan,SDN,2002,6.0064715363132,22.2247241495905,-5.36777365828637,,15.514,25.6255617213052,,3.04640852451755,93.0824414530566,21.5663517910828
Sudan,SDN,2003,6.28880816146516,6.48943208673338,-4.39506852023541,,15.515,26.4402280670553,,3.47662601258492,84.6877206320813,22.074814442888
Sudan,SDN,2004,5.14088851762675,9.65754628605945,-3.07074148971241,,15.538,30.4323376195052,,2.38501078452138,72.0808502994976,23.6117319230397
Sudan,SDN,2005,5.64351551343631,8.50585075933117,-7.02825381106123,,15.545,35.8715914021946,,2.75337218040758,52.2238011671343,21.2067763046123
Sudan,SDN,2006,6.5314117467792,7.19912990114709,-14.3510830891701,,15.542,36.2025936172703,,3.55587752590014,42.9579124009303,22.8891769937744
Sudan,SDN,2007,5.73527423664484,14.7542770780084,-6.05172200816878,,15.534,34.4033361615632,,2.69329211251048,34.9845611933378,21.3061261282548
Sudan,SDN,2008,3.84674473121058,14.2971224481434,-5.54326957101499,,15.566,36.7410978273835,,0.693530743818769,33.2964096450022,20.668907969621
Sudan,SDN,2009,-2.76770436599138,11.256758706301,-9.54372816963053,,13.0,32.7808783344833,,-5.81042185394722,42.6432308815517,22.325908295006
Sudan,SDN,2010,3.85824195230107,12.9776663898014,-2.92618988919934,,15.168,32.728309950035,,0.758886048751407,41.2309784294958,20.3985392323003
Sudan,SDN,2011,-3.21353209253371,18.0966171221351,-4.82188496528231,,17.44,27.512339023518,,5.87200118550977,41.8849817755024,23.2624340175259
Sudan,SDN,2012,-17.0046884048945,35.5590574147024,-16.6318777556219,,16.973,21.8561745247301,,-7.20056369222739,62.0028273281422,19.7241316199789
Sudan,SDN,2013,1.95514463302422,36.5223449139154,-13.5321488136858,,16.273,26.8585245020134,,-0.372546263586997,56.487760867855,17.1950466966314
Sudan,SDN,2014,4.66137954229873,36.9066427863595,-7.16013618473832,,15.41,20.8451090041313,,1.86452924090501,45.2388242895741,15.0415341466529
Sudan,SDN,2015,1.91017689052751,16.9095706050977,-10.5569345811594,,14.39,18.3782728546541,,-1.14810293147822,42.8323529853489,12.8081335322639
Sudan,SDN,2016,3.46764218409288,17.750253831196,-9.88346111101847,,13.656,15.2816698903461,,0.369473161527822,51.1473148369104,9.3059152625505
Sudan,SDN,2017,0.70925628476644,32.3516260968437,-11.1697054533751,,13.0,17.8313898297102,,-2.71987452387332,55.4341564956713,10.7686344431485
Tanzania,TZA,2000,4.52078463603256,5.92396109637479,-3.20303174427397,,3.129,23.9891151549808,800.408516666667,1.59942658531416,54.3095587148451,17.462796824131
Tanzania,TZA,2001,6.07080828734129,5.14746800222618,-4.15575639482293,,2.994,28.0301432282533,876.411666666667,3.25057961835962,49.2446958069461,18.3167930926191
Tanzania,TZA,2002,7.09319498355502,5.31783366118203,-0.324018475277026,,3.023,27.4992172734904,966.582784259259,4.36368727532306,50.9741678990316,18.0880950947047
Tanzania,TZA,2003,6.67278983053497,5.30356621509782,-1.14522022259737,,3.053,30.4488358249326,1038.41900659604,3.89344253690891,48.7014242494431,20.6843865054193
Tanzania,TZA,2004,7.50381465859829,4.73580143949058,-2.89917810279357,,3.105,33.609786736665,1089.33477148983,4.63163110389122,52.4006815339904,24.4935805724156
Tanzania,TZA,2005,7.47631925974784,5.03457009267163,-5.93931026684705,,3.193,36.9592732894013,1128.93417916192,4.54018649750061,46.626692069397,27.3958979170045
Tanzania,TZA,2006,6.53222138847813,7.25097262082546,-5.91870284632789,,3.299,42.7681664691467,1251.89997292515,3.59554927104524,22.0619724098478,30.3239644518197
Tanzania,TZA,2007,6.76853520293716,7.02551436974771,-7.84401666779704,,3.023,48.0583947796554,1245.03546404783,3.83493311688827,23.3400355252746,32.6512173460431
Tanzania,TZA,2008,5.68641685905224,10.2783937621135,-9.22106341671595,,2.775,49.0265445510865,1196.31070921046,2.87353898673082,21.8189603943436,37.4895216967723
Tanzania,TZA,2009,5.26910524873463,12.1422278742988,-6.15605248067037,,2.5,43.5326006456317,1320.31206074041,2.70936589724377,26.6339075866294,34.3556768729289
Tanzania,TZA,2010,6.33652342666889,6.20015595647403,-6.90590514874114,,3.03,47.6404394295683,1395.625,3.67041498018565,28.4398441804615,32.0172443063631
Tanzania,TZA,2011,7.67215543486064,12.6909694699162,-12.6408334198025,,3.47,56.1661241821809,1557.43333333333,4.70485004341454,29.7815026646035,34.7360333035223
Tanzania,TZA,2012,4.50015356010131,16.0010938506338,-9.49381708629512,,3.223,54.3689490815138,1571.69833333333,1.53892032694513,30.8385908393605,34.8451015083251
Tanzania,TZA,2013,6.78158560065316,7.87072364573959,-10.92678991973,,2.93,48.6316275295495,1597.55583333333,3.62722794168234,31.083374238378,37.470607348423
Tanzania,TZA,2014,6.73246186832483,6.13161432988012,-9.97566998652383,,2.125,45.3560223433065,1653.23083333333,3.51147946313948,33.1451206470393,37.6539665632561
Tanzania,TZA,2015,6.16062877406682,5.58816952959298,-5.52237840763772,,2.009,40.7576808778314,1991.39083333333,2.77038211960942,39.2891880346749,32.7586922845607
Tanzania,TZA,2016,6.86711619644551,5.17476629301493,-2.44600098634938,,1.931,35.4204704002636,2177.08666666667,3.30400665890222,40.0079292679425,32.1747860509655
Tanzania,TZA,2017,6.72726996832438,5.31871605228931,-2.77322833378381,,1.854,33.1125919853124,2228.85666666667,3.23688527604725,41.3009336301928,32.354141404315
Togo,TGO,2000,-0.783479610048047,1.86260595463067,-6.64451964783898,,4.162,48.8080041114183,710.207977031367,-3.23018836054855,69.594210337696,29.4974703074911
Togo,TGO,2001,0.823438752111855,3.91959133653146,-8.08590195490082,,4.108,51.3941520650307,732.397693260228,-1.65229608385683,68.9582569121999,29.3205669194724
Togo,TGO,2002,3.82662257675142,3.05981857535884,-5.81784745652387,,4.087,51.609565282441,693.713226496374,1.28656075137106,67.0796226312522,30.669067157494
Togo,TGO,2003,6.72017142336034,-0.930000884072214,-5.43138096608201,,3.957,55.389978417259,579.897426172466,4.090903606192,58.4416325468716,32.0951600439821
Togo,TGO,2004,-0.978665332738743,0.393078681031669,-6.49399507558124,,3.992,57.8710938708872,527.338032291576,-3.36373306965925,58.2582486025764,35.5641648807502
Togo,TGO,2005,-4.66629938413338,6.78292893028314,-6.33089706237215,,4.149,61.4542800128481,527.258362649626,-6.98809238817357,52.9440745837239,25.1114080668295
Togo,TGO,2006,2.65013209943473,2.22897779414027,-5.31324873611491,,4.229,61.6128604620733,522.425624895176,-0.234381611784201,54.6794994897202,19.0238222894344
Togo,TGO,2007,-1.1751368996605,0.945673271705214,-5.74598605436746,,3.822,61.7740721086659,478.633718476363,-4.24863179214107,52.7500816057006,18.7845380616733
Togo,TGO,2008,4.03561315398862,8.69482814363902,-4.86721309193415,,3.279,62.3076674472105,446.000041432788,0.746106675039186,35.9008861999965,17.0859273927781
Togo,TGO,2009,5.45381096920332,3.71360592035809,-3.75655470430214,,2.847,62.210419994299,470.293423341398,2.10306444374237,36.6704338298948,14.4916428488121
Togo,TGO,2010,5.85433399076879,1.44594517430864,-4.21167785064637,,2.379,66.7974885937104,494.794262222947,2.59389115844033,27.3267687487826,15.8404247844887
Togo,TGO,2011,5.82325622135289,3.5635147290396,-5.57134555457932,,1.982,77.732312664143,471.248625718937,2.97777711687345,11.2522214691311,19.9043015015358
Togo,TGO,2012,6.30271426865185,2.57718174055848,-5.43302431064873,,2.029,75.7132085684163,510.556338454251,3.8561464321063,14.0277478412149,17.6964729054914
Togo,TGO,2013,5.82425069283059,1.82539475909162,-9.43944638209534,,2.084,82.1477877564195,493.899623852237,3.56529836692911,15.4731478649007,22.1146688275227
Togo,TGO,2014,5.63323739145223,0.19087507624975,-7.17108249416322,,2.141,70.9156517502517,493.757329875312,3.51991609433983,16.0093279906592,22.3769666612391
Togo,TGO,2015,5.4680413807304,2.58500390801595,-8.01021600244542,,2.204,69.1281378813376,591.21169798261,3.47161387733128,18.7626675363985,25.1850151673938
Togo,TGO,2016,4.21490387414525,1.28544847051417,-7.19180652142337,,2.968,66.4450409805081,592.605615063022,2.34242089940982,19.8502415715083,20.1572457451871
Togo,TGO,2017,4.00791259566937,-0.981889868943119,-1.51302452827798,,3.744,58.2088602526732,580.656749587858,2.2541566874758,25.5707759681039,16.8360654544298
Tunisia,TUN,2000,4.7099729138049,2.96230794738605,-3.82558496867724,56.7212758294998,14.94,82.639110670191,1.37068333333333,3.54145974209786,55.3084463564462,
Tunisia,TUN,2001,3.79627166202512,1.98333333333337,-3.80893714007523,56.4678199732883,14.4,89.5522011944661,1.4387125,2.6947331733366,61.1436451654115,
Tunisia,TUN,2002,1.32255714828946,2.72103284850455,-3.22389381333494,55.9344340024072,14.55,85.3421759692656,1.42173333333333,0.287760873614303,69.983303892748,
Tunisia,TUN,2003,4.70239953285241,2.71259247474352,-2.66077074311872,55.0213155722411,14.51,82.390340709916,1.28845833333333,3.66160593216975,68.7094407497616,
Tunisia,TUN,2004,6.23579072222647,3.63228004956625,-1.41663593407068,53.8375580931292,14.23,86.9253446966283,1.24546666666667,5.24794746880204,65.8145671605321,
Tunisia,TUN,2005,3.4865455430439,2.01778641357144,-0.927371928635414,52.4205297222421,12.872,90.2512478803945,1.29743333333333,2.58534081098441,58.9561260126506,
Tunisia,TUN,2006,5.24409983246916,3.22525337438917,-1.80172304518295,48.5639104645928,12.51,93.9409304094309,1.331025,4.31907482857264,57.4237720429712,
Tunisia,TUN,2007,6.70952097453554,2.96694432477349,-2.35618464912073,45.7824704950416,12.365,104.059400976647,1.28135833333333,5.73567938504127,56.1437112684718,
Tunisia,TUN,2008,4.23778147502819,4.34502807623045,-3.81468880111158,43.2877054340983,12.444,114.343660218696,1.23214166666667,3.23983058347032,50.9304304174594,
Tunisia,TUN,2009,3.04345012371552,3.66490330642919,-2.83909252656909,42.9297921509547,13.29,93.0168787876722,1.350275,1.99812423215356,55.4140725152251,
Tunisia,TUN,2010,2.97113275066512,3.33897963601069,-4.55447131361942,38.7660002963438,13.049,100.151009836799,1.4314,1.86835635362381,51.3363537259654,
Tunisia,TUN,2011,-2.04663389535644,3.24002842009531,-7.03556585573611,42.4807224505219,18.334,100.106379304237,1.40778333333333,-3.1268978636142,49.7498678288209,
Tunisia,TUN,2012,4.21667711535632,4.6118443220664,-7.86572520912914,42.5197543010178,17.63,101.550723929668,1.56189166666667,3.04657312459409,55.9749620256609,
Tunisia,TUN,2013,2.42993096446429,5.31623531326689,-7.96677847902681,,15.934,98.9549566862038,1.62465833333333,1.2189966874892,56.327937751119,
Tunisia,TUN,2014,3.09032803070775,4.62555099534031,-8.87794509825977,,14.259,96.1071038558701,1.697675,1.87486431059185,56.8190675921791,
Tunisia,TUN,2015,0.967834205635981,4.437371273215,-8.57094815049074,,15.159,87.2485306596052,1.961625,-0.165402101671091,63.2230339634337,
Tunisia,TUN,2016,1.117231963992,3.62939937384381,-8.52887305480808,,15.557,87.0926643641466,2.14803333333333,0.00849827158573646,68.0294246068561,
Tunisia,TUN,2017,2.25261437620587,5.30884839565844,-10.0143611259515,,15.33,95.8091979825804,2.419425,1.18340493178839,81.888186770087,
Uganda,UGA,2000,3.141907338187,3.39202158512998,-5.79340706801523,,3.531,32.7490333383822,1644.47533333333,-0.0506112736721605,58.0904524475271,19.483821715744
Uganda,UGA,2001,5.18366112490236,1.86512524084773,-5.23214599458246,,3.522,35.3299767819725,1755.65875,2.01473762716464,66.5783888510778,19.3020594186146
Uganda,UGA,2002,8.73268576440127,-0.287508511765196,-2.46011695217404,,3.5,36.2777941561831,1797.5505,5.38039055287112,66.5029849935238,20.2174228036338
Uganda,UGA,2003,6.47325867166543,8.68047651566884,-0.581756161515947,,3.6,36.5857264641268,1963.72008333333,3.163140555198,70.7551744933996,20.9841415782684
Uganda,UGA,2004,6.80723334361883,3.72128743978228,-0.0210973345748702,,2.699,35.4600862456436,1810.30471365151,3.65117760961586,62.0009713811312,20.1456899167115
Uganda,UGA,2005,6.33256511623156,8.44872642299532,0.579537398767585,,1.9,38.9942854839061,1780.54026086523,3.25713954596638,49.7430403163397,22.355145856388
Uganda,UGA,2006,10.7847443857453,7.31067613561864,-3.18903604186136,,2.264,43.6332857896204,1831.45185089088,7.58857752601207,13.3693714686186,21.130370024996
Uganda,UGA,2007,8.41242596551071,6.1385108328505,-4.72875221684934,,2.667,46.7774166522822,1723.49158714041,5.27037575377261,14.1602511482496,22.0830552692819
Uganda,UGA,2008,8.70875190154499,12.0508555482886,-8.47510327903429,,3.035,56.2582682050634,1720.4438791511,5.5545038560267,16.1716331340407,22.9777738426393
Uganda,UGA,2009,6.80151734860395,13.0172561889185,-4.17084923224742,,3.6,47.0638780748379,2030.48807433418,3.70592159085399,11.1763406743451,26.6160387564841
Uganda,UGA,2010,5.63761163749757,3.97655288478168,-6.03511814570153,,3.623,38.2692490371291,2177.55750683358,2.57308463341826,11.340011180453,27.1039553534011
Uganda,UGA,2011,9.3916554927176,16.5643496174515,-7.48878445953836,,3.523,39.7552255606122,2522.80203252264,6.23090993981926,11.889658788383,26.7549805283512
Uganda,UGA,2012,3.83745560605229,12.6790377224659,-6.06312638733372,,3.551,43.5021371397314,2504.56307758328,0.865151267915266,14.1274216672688,26.1771756452378
Uganda,UGA,2013,3.58690582623025,4.90520875694557,-6.05719389968621,,1.91,43.1091548734687,2586.88956856561,0.656669463732158,30.2751015651699,31.9739798099079
Uganda,UGA,2014,5.10630732539796,3.07570668958641,-6.64160843323991,,2.357,36.0144010819085,2599.78820061067,2.04948459267207,27.149729218405,26.853454663727
Uganda,UGA,2015,5.18785986002466,5.58968606251725,-5.16028723789941,,2.681,37.6892983324358,3240.64542033826,2.00429943099081,30.135215546196,23.8597944507535
Uganda,UGA,2016,4.78100029254482,5.70637504616212,-2.85393787294637,,3.002,31.2093620232119,3420.09800724736,1.35743312909598,35.1603426340192,25.4152882648293
Uganda,UGA,2017,3.13140551723596,5.20971705914209,-4.88278660173815,,3.428,36.8370529334101,3611.22445804461,-0.406390812740796,38.9070218420697,24.6140426859449
Zambia,ZMB,2000,3.89732294341896,26.0304117888121,-18.3980639927089,,12.93,60.3874689884965,3.11084416666667,1.01793976595019,168.74595025929,
Zambia,ZMB,2001,5.31686827418419,21.3937821792546,-18.0007855963506,,13.404,64.668282708979,3.610935,2.17981803196589,157.635418691761,
Zambia,ZMB,2002,4.50601428032604,22.2333446430947,-15.8142108448002,,14.131,64.9164969990648,4.398595,1.3381949009155,165.237577725425,
Zambia,ZMB,2003,6.94497398221223,21.4015783901995,-13.5299667044381,,14.704,62.3128446757629,4.73327104649872,3.67685887625342,144.62151406803,
Zambia,ZMB,2004,7.03239511515218,17.9677891087286,-7.14878830806073,,15.332,70.8130749317722,4.77887538643578,3.68494886266848,129.644064882373,
Zambia,ZMB,2005,7.23559900655543,18.324439701174,-2.78498414861087,,15.9,62.200282191364,4.465,3.75264386154687,69.7392192459111,
Zambia,ZMB,2006,7.90369444480079,9.01957247226486,4.64474506229629,,13.229,57.8568188739027,3.60166666666666,4.24983217682681,19.4214830465834,
Zambia,ZMB,2007,8.35243624447406,10.6573496000153,-1.23802039926345,,10.559,65.7714586909068,4.00166666666667,4.59671527144219,21.8985577061852,
Zambia,ZMB,2008,7.77389581542363,12.4455793463192,-3.33057905300122,,7.93,59.4548891205874,3.745,3.99773185138027,17.7868258785837,
Zambia,ZMB,2009,9.2203484058663,13.3952546325895,5.95342818479562,,10.583,56.1213809555165,5.045,5.42272309461708,24.4196980321342,
Zambia,ZMB,2010,10.2982233241213,8.50176133365265,7.52549147652089,17.3215114809658,13.19,67.9009190299719,4.7975,6.54512358380669,22.8577652777151,29.8775153023967
Zambia,ZMB,2011,5.56925219263019,6.4293968107234,4.65823655766585,18.0499093578444,10.548,72.7954324384283,4.86166666666666,2.11650829571791,23.3139842267552,32.889211245159
Zambia,ZMB,2012,7.59738104901994,6.57589970757698,5.37898486156033,23.4889192806696,7.85,75.367709855907,5.1475,4.16438800509357,24.6574539542756,31.5179510511994
Zambia,ZMB,2013,5.05753695047252,6.97767605490307,-0.575955750525117,24.2239941438767,7.272,80.4562410213373,5.39648333333333,1.74618059430358,24.8009879997029,33.8029886804422
Zambia,ZMB,2014,4.69328316376705,7.80687553566333,-1.4270939600475,44.3958675879332,6.576,76.1934997276313,6.15416666666667,1.42432240940171,36.2953659204568,34.0692641856177
Zambia,ZMB,2015,2.92037511217961,10.1105928909618,-3.61227207947561,49.4073473457883,5.951,79.8652687573958,8.63166666666667,-0.241301067013211,59.0750571840252,42.8051164515408
Zambia,ZMB,2016,3.75510031678988,17.8697300795268,-4.55168827542136,46.4328935811391,5.244,73.958561254616,10.3075,0.593979723633794,77.571432468707,38.2062329128451
Zambia,ZMB,2017,3.52586277149926,6.57731154205644,-1.6812705761785,52.2809418398754,4.529,71.5856946542566,9.5175,0.398377780872721,96.0061537858578,41.0018208583077
Zimbabwe,ZWE,2000,-3.05911780575599,,,,5.685,74.0708923168864,0.04446837641743,-3.94437178277245,90.8863648169142,13.5696410562881
Zimbabwe,ZWE,2001,1.43951727721958,,,,5.313,67.8980938686723,0.0551146597125865,0.762971447403842,81.8438701318003,10.2680381963647
Zimbabwe,ZWE,2002,-8.89401285792752,,,,5.005,66.8098183680706,0.0550982905810338,-9.76644857590099,90.253029869697,4.99980300224577
Zimbabwe,ZWE,2003,-16.9950733355763,,,,4.738,70.4519675420993,0.698216071305723,-17.9767611752894,111.628498516355,8.00104702905506
Zimbabwe,ZWE,2004,-5.80753964196205,,,,4.39,76.0394249806318,5.07441941463195,-6.82498063511001,130.36375125036,4.5106309718516
Zimbabwe,ZWE,2005,-5.71112541241364,,,,4.632,76.043068640646,22.3890396048255,-6.59888906294871,118.120515606233,1.52390049060044
Zimbabwe,ZWE,2006,-3.46140290336963,,,,4.767,82.8200302932942,164.547356500646,-4.63037569259529,151.807752237904,1.5697434249782
Zimbabwe,ZWE,2007,-3.653250914872,,,,5.008,84.1682798999008,9686.77166954175,-4.91448916093475,200.655819185111,7.11081731904245
Zimbabwe,ZWE,2008,-17.6689987958491,,,,5.401,109.523540063377,6723052073.33811,-18.6543102007687,389.050797400325,5.12675418741512
Zimbabwe,ZWE,2009,13.2720546167979,,-7.55339145897765,,5.476,61.7764909650234,,11.6893318173098,69.3199185296309,12.7472016131117
Zimbabwe,ZWE,2010,19.6754077019323,3.02267002518892,-13.7402060432655,,5.469,83.1234047851259,,17.7601242170416,61.6616591918891,18.7628395343529
Zimbabwe,ZWE,2011,14.1939156801139,3.4661297281749,-19.4876884701887,,5.368,89.4659437238642,,12.187491621401,58.1933132092827,17.3984690623007
Zimbabwe,ZWE,2012,16.6654290410337,3.72532666110646,-13.3008995685092,,5.057,74.1627003825153,,14.7871576858869,56.5781879647304,9.85633778141151
Zimbabwe,ZWE,2013,1.98948554025198,1.63495041543822,-13.8673146361313,,4.948,58.6560737143829,,0.563614570952865,48.0336458336228,9.20906247136893
Zimbabwe,ZWE,2014,2.37698561663417,-0.19778481012661,-11.9650275581452,,4.774,54.6717592473918,,0.982274048982148,46.7229019950986,9.63958883391864
Zimbabwe,ZWE,2015,1.77985356392176,-2.43096842383404,-7.99403914904329,,5.399,56.7496526604333,,0.425141539219794,51.4630008713502,10.0359230470755
Zimbabwe,ZWE,2016,0.75579405855224,-1.54366960054161,-3.39239266445641,,5.896,51.2190376594477,,-0.633234613329265,62.9386632480421,9.86174106545716
Zimbabwe,ZWE,2017,4.73441117758482,0.893962316050027,-0.531376263214759,,6.35,55.028317831061,,3.23409642689352,26.2092006727428,14.7022431781545
